Código Operação;Data de Entrada;Valor Produtos;Num docorigem
5101;21/05/2020;282.86;032147
5102;22/05/2020;77348.88;031937
5102;22/05/2020;77348.88;031937
5101;14/06/2017;963.12;
5101;14/06/2017;963.12;
5102;14/08/2023;173;
5101;12/05/2017;1403.15;032469
5101;02/12/2011;161.71;
5101;22/08/2014;3300;
5101;21/11/2011;6363.04;
5101;08/06/2020;5321.28;032265
5101;07/07/2020;144999.95;032262
5101;07/07/2020;144999.95;032262
5101;07/07/2020;144999.95;032262
5101;08/07/2020;1407.58;032413
5101;07/07/2020;144999.95;032262
5101;07/07/2020;144999.95;032262
5101;07/07/2020;144999.95;032262
5101;07/07/2020;144999.95;032262
5101;07/07/2020;144999.95;032262
5101;07/07/2020;144999.95;032262
5101;07/07/2020;144999.95;032262
5101;07/07/2020;144999.95;032262
5101;07/07/2020;144999.95;032262
5101;07/07/2020;144999.95;032262
5101;07/07/2020;144999.95;032262
5101;07/07/2020;144999.95;032262
5101;07/07/2020;144999.95;032262
5101;07/07/2020;144999.95;032262
5101;07/07/2020;144999.95;032262
5101;07/07/2020;144999.95;032262
5101;08/07/2020;1407.58;032413
5101;08/07/2020;1407.58;032413
5101;29/07/2020;12890.66;032455
5101;29/07/2020;12890.66;032455
5102;06/07/2020;313.69;032254
5135;28/07/2020;12954.3;030545
5135;28/07/2020;12954.3;030545
5100;14/08/2020;1500;
5102;26/08/2020;5321;
5101;12/08/2020;382141.07;032876
5101;12/08/2020;382141.07;032876
5101;12/08/2020;382141.07;032876
5101;12/08/2020;382141.07;032876
5102;26/08/2020;5321;032781
5101;10/12/2012;529.67;
5101;10/12/2012;529.67;
5101;02/12/2011;161.71;
5120;10/09/2020;1500;032950
5102;26/06/2020;1510.61;
5101;02/09/2020;30610.4;033140
5102;14/09/2020;12146.48;032947
5101;02/09/2020;3284;032809
5102;14/09/2020;12146.48;032947
5102;14/09/2020;12146.48;032947
5101;02/09/2020;30610.4;033140
5102;16/10/2020;1960.61;033276
5197;11/11/2020;5000;
5101;11/03/2015;734;033115
5101;24/11/2020;2260;033524
5101;24/11/2020;2260;033524
5101;24/11/2020;2260;033524
5101;08/09/2017;17998.59;
5101;11/03/2015;734;
5120;20/01/2021;160;034002
5100;21/10/2019;30000;
5100;26/03/2021;900;
5101;13/04/2021;11416.71;034817
5101;13/04/2021;11416.71;034817
5101;13/04/2021;11416.71;034817
5101;13/04/2021;11416.71;034817
5101;13/04/2021;11416.71;034817
5101;03/05/2012;521.76;
5100;21/10/2019;30000;
5100;09/04/2021;1230;
5102;18/07/2022;183.76;
5102;29/04/2021;17040.08;034934
5101;11/06/2012;5184.55;
5101;21/11/2011;6363.04;
5102;29/04/2020;1407.78;
5100;07/05/2021;900;
5101;06/05/2021;9449.4;034949
5101;06/05/2021;9449.4;034949
5101;06/05/2021;9449.4;034949
5101;17/05/2021;80.88;035173
5101;17/05/2021;80.88;035173
5101;21/05/2014;57848.95;
5120;28/07/2021;1000;035604
5101;23/07/2021;3212.5;035025
5102;22/05/2020;77348.88;
5102;22/05/2020;77348.88;
5102;22/05/2020;77348.88;
5100;21/07/2011;210;
5102;27/08/2021;2727.88;036041
5101;17/05/2013;693.98;
5101;11/06/2012;5184.55;
5101;28/10/2021;1606.96;036303
5197;26/11/2021;8446.99;
5101;04/11/2021;1969.05;036357
5101;21/05/2014;57848.95;
5116;17/10/2023;1564;
5116;17/10/2023;1491;
5101;30/05/2014;1990;
5102;26/06/2020;1510.61;
5101;21/11/2011;6363.04;
5102;31/01/2019;2352.15;
5101;27/01/2012;1455.3;
5100;10/01/2022;1500;
5197;10/03/2022;3190.22;
5101;09/02/2012;42621.2;
5100;21/07/2011;210;
5100;11/02/2022;1200;
5100;14/02/2019;1200;
5101;25/02/2022;12841.67;037506
5100;21/03/2022;1200;
5100;25/04/2022;1500;
5102;29/04/2020;1407.78;
5101;21/11/2011;6363.04;
5100;21/07/2011;210;
5100;11/03/2024;5300;
5101;11/03/2015;734;
5102;29/04/2020;1407.78;
5102;22/04/2019;2245.29;
5102;22/04/2019;2245.29;
5102;22/04/2019;2245.29;
5102;22/04/2019;2245.29;
5101;03/05/2012;521.76;
5101;01/10/2012;1092;
5101;15/06/2018;1508.13;009066
5101;15/06/2018;1508.13;009066
5101;15/06/2018;1508.13;009066
5149;10/04/2015;0;
5101;04/11/2016;1300000;
5101;04/11/2016;1300000;
5101;04/11/2016;1300000;
5101;04/11/2016;1300000;
5101;28/07/2016;13054.74;
5101;28/07/2016;13054.74;
5102;14/02/2019;2352.15;
5101;11/03/2015;734;
5101;12/05/2017;1403.15;
5101;25/01/2019;1599.37;
5101;25/01/2019;1599.37;
5101;12/01/2018;8090;
5101;12/01/2018;8090;
5101;12/01/2018;8090;
5101;12/01/2018;8090;
5101;12/01/2018;8090;
5101;12/01/2018;8090;
5101;12/01/2018;8090;
5101;12/01/2018;8090;
5101;22/08/2014;3300;
5102;14/08/2023;173;008197
5101;31/08/2018;124006;
5101;03/05/2019;7056.45;
5101;03/05/2019;7056.45;
5101;12/05/2017;1403.15;
5101;14/06/2018;1490.88;
5101;04/07/2012;1850.01;
5120;19/05/2020;200;
5120;19/05/2020;200;
5120;19/05/2020;200;
5120;19/05/2020;200;
5120;19/05/2020;200;
5120;19/05/2020;200;
5120;19/05/2020;200;
5101;16/08/2017;260000;
5102;07/11/2019;933.3;
5101;08/09/2017;17998.59;
5101;21/05/2014;57848.95;
5101;11/03/2015;734;
5102;26/08/2020;5321;
5102;26/08/2021;2950;
5101;10/12/2012;529.67;
5102;29/04/2020;1407.78;
5101;21/11/2011;6363.04;
5116;10/10/2023;1288;
5116;10/10/2023;1288;
5102;26/08/2020;5321;
5101;10/12/2012;529.67;
5101;11/06/2012;5184.55;
5101;31/03/2014;790;
5101;22/08/2014;3300;
5128;21/09/2021;14990.39;
5128;21/09/2021;14990.39;
5120;19/05/2020;200;032102
5101;22/09/2014;4200;014371
5101;12/05/2017;1403.15;
5102;25/08/2022;322.94;
5100;25/10/2013;10;
5101;02/12/2011;161.71;003465
5100;31/08/2012;101;
5100;31/08/2012;101;
5100;31/08/2012;101;
5100;11/06/2012;66;
5102;13/05/2024;8681.72;
5102;13/05/2024;8681.72;
5102;13/05/2024;8681.72;
5102;13/05/2024;8681.72;
5102;13/05/2024;8681.72;
5102;13/05/2024;8681.72;
5102;13/05/2024;8681.72;
5102;13/05/2024;8681.72;
5102;13/05/2024;8681.72;
5102;13/05/2024;8681.72;
5102;29/04/2020;1407.78;
5101;29/12/2011;8660;004203
5135;02/12/2014;6794.02;015204
5101;01/12/2014;3684.92;015276
5101;01/12/2014;3684.92;015276
5135;02/12/2014;4307.92;015202
5135;02/12/2014;4307.92;015202
5135;02/12/2014;4307.92;015202
5135;02/12/2014;6794.02;015204
5135;02/12/2014;6794.02;015204
5135;02/12/2014;6794.02;015204
5135;10/12/2014;6794.02;015234
5135;10/12/2014;6794.02;015234
5135;10/12/2014;6794.02;015234
5135;10/12/2014;6794.02;015234
5101;19/12/2014;96.54;015175
5101;19/12/2014;96.54;015175
5135;12/01/2015;2050;015284
5102;29/04/2020;1407.78;
5101;02/09/2015;100.33;017486
5101;29/05/2015;600000;016639
5101;10/06/2015;265.54;016721
5101;10/06/2015;265.54;016721
5101;17/06/2015;772.06;016836
5101;17/06/2015;772.06;016836
5102;26/08/2020;5321;
5101;23/06/2015;237.7;015003
5101;07/07/2015;1391;016667
5101;30/07/2015;806.49;017135
5101;17/08/2015;431737.77;017374
5101;17/08/2015;431737.77;017374
5101;17/08/2015;431737.77;017374
5101;17/08/2015;431737.77;017374
5101;17/08/2015;431737.77;017374
5101;17/08/2015;431737.77;017374
5101;17/08/2015;431737.77;017374
5101;17/08/2015;431737.77;017374
5101;17/08/2015;431737.77;017374
5101;17/08/2015;431737.77;017374
5101;17/08/2015;431737.77;017374
5101;17/08/2015;431737.77;017374
5101;17/08/2015;431737.77;017374
5101;17/08/2015;431737.77;017374
5101;17/09/2015;9006.65;017159
5101;17/09/2015;9006.65;017159
5101;17/09/2015;9006.65;017159
5101;17/09/2015;9006.65;017159
5101;17/09/2015;9006.65;017159
5101;20/10/2015;9006.9;017956
5101;20/10/2015;9006.9;017956
5101;20/10/2015;9006.9;017956
5101;20/10/2015;9006.9;017956
5101;20/10/2015;9006.9;017956
5100;25/10/2013;10;
5101;08/12/2015;2745.39;018293
5101;08/12/2015;2745.39;018293
5101;08/12/2015;2745.39;018293
5101;08/12/2015;2745.39;018293
5101;08/12/2015;2745.39;018293
5101;08/12/2015;2745.39;018293
5101;23/12/2015;5154.32;018505
5101;15/01/2016;10839.03;018570
5101;15/01/2016;10839.03;018570
5101;19/02/2016;630;018628
5101;19/02/2016;630;018628
5100;25/10/2013;10;
5101;26/02/2016;97.25;018897
5101;25/02/2016;75137.56;018880
5101;29/02/2016;2995.97;018906
5101;29/02/2016;20700;018931
5101;01/03/2016;71.98;018881
5101;03/03/2016;2228.5;018642
5101;04/03/2016;14925.81;018987
5101;29/03/2016;1484;018727
5101;07/04/2016;775.81;018618
5101;25/04/2016;1108.11;019409
5101;29/04/2016;116;019392
5101;11/05/2016;46594.34;019478
5101;20/05/2016;1522.85;019635
5101;20/05/2016;1522.85;019635
5101;24/05/2016;5855.19;019603
5101;24/05/2016;5855.19;019603
5101;24/05/2016;5855.19;019603
5101;24/05/2016;5855.19;019603
5101;24/05/2016;5855.19;019603
5101;07/07/2016;482.26;019777
5101;17/05/2013;693.98;
5102;26/08/2020;5321;
5101;11/03/2015;734;
5109;04/03/2020;116000;
5109;04/03/2020;116000;
5102;29/04/2020;1407.78;
5102;26/08/2020;5321;
5102;26/08/2020;5321;
5101;27/05/2013;9961.26;009231
5101;27/05/2013;9961.26;009231
5101;27/05/2013;9961.26;009231
5101;06/05/2013;234.3;008582
5101;27/05/2013;9961.26;009231
5101;09/04/2013;730.06;008214
5101;21/09/2012;80563.91;005982
5101;21/09/2012;80563.91;005981
5101;21/09/2012;80563.91;005982
5101;21/09/2012;80563.91;005982
5101;21/09/2012;80563.91;005981
5101;21/09/2012;80563.91;005982
5101;21/09/2012;80563.91;005981
5101;21/09/2012;80563.91;005982
5101;21/09/2012;80563.91;005982
5101;21/09/2012;80563.91;005981
5101;21/09/2012;80563.91;005982
5101;21/09/2012;80563.91;005982
5101;21/09/2012;80563.91;005981
5101;21/09/2012;80563.91;005981
5101;03/09/2012;8300;006569
5101;21/09/2012;80563.91;005981
5101;03/09/2012;8300;006569
5101;28/08/2012;2004.81;006600
5101;28/08/2012;2004.81;006600
5101;28/08/2012;2004.81;006600
5101;21/09/2012;80563.91;005981
5101;20/08/2012;4721.54;006466
5101;20/08/2012;4721.54;006466
5101;05/06/2012;3100;004110
5101;05/06/2012;3100;004110
5101;20/08/2012;4721.54;006466
5101;10/05/2012;263.74;005118
5101;09/05/2012;519.58;004499
5101;09/05/2012;519.58;004499
5101;09/05/2012;373.8;004500
5101;09/05/2012;519.58;004499
5101;09/05/2012;519.58;004499
5101;09/05/2012;519.58;004498
5101;09/05/2012;519.58;004498
5101;09/05/2012;519.58;004498
5101;09/05/2012;519.58;004498
5101;24/04/2012;55.6;004346
5101;09/11/2011;1024.21;003206
5101;09/11/2011;1024.21;003206
5101;09/11/2011;1024.21;003206
5102;06/12/2019;391.43;
5101;24/11/2011;747.6;003528
5101;24/11/2011;747.6;003528
5101;19/10/2011;950;003183
5101;07/10/2011;162.4;002698
5101;05/07/2011;4999.85;001752
5101;05/07/2011;4999.85;001752
5101;11/07/2011;2700;002141
5101;07/06/2017;1060.01;022409
5101;08/01/2019;110.16;
5101;07/06/2017;1060.01;022409
5102;14/02/2019;2352.15;
5101;04/07/2012;1850.01;
5101;09/02/2012;42621.2;
5101;26/07/2017;1731.4;023280
5101;26/07/2017;1731.4;023280
5101;26/07/2017;1731.4;023280
5101;26/07/2017;1731.4;023280
5101;26/07/2017;1731.4;023280
5101;26/07/2017;1731.4;023280
5101;26/07/2017;1731.4;023280
5101;04/07/2012;1850.01;
5101;09/02/2012;42621.2;
5101;11/08/2017;20413.06;022649
5101;11/03/2015;734;
5101;11/03/2015;734;
5101;18/08/2017;1285.68;023564
5101;18/08/2017;1285.68;023564
5101;22/08/2017;260000;023597
5101;31/08/2017;1152.97;023649
5101;31/08/2017;1152.97;023649
5101;17/05/2013;693.98;
5102;20/12/2022;663.15;
5101;08/09/2017;17998.59;022605
5102;14/02/2019;2352.15;
5102;26/08/2020;5321;
5100;05/01/2021;1200;
5100;30/08/2023;180000;
5102;29/04/2020;1407.78;
5102;29/04/2020;1407.78;
5102;29/04/2020;1407.78;
5101;09/02/2012;42621.2;
5102;29/04/2020;1407.78;
5101;11/03/2015;734;
5102;26/08/2020;5321;
5100;10/09/2019;1500;
5101;12/05/2017;1403.15;
5102;26/08/2020;5321;
5101;11/06/2012;5184.55;
5101;11/06/2012;5184.55;
5101;11/06/2012;5184.55;
5101;11/06/2012;5184.55;
5102;29/04/2020;1407.78;
5109;04/03/2020;116000;
5101;16/10/2015;9006.65;006002
5101;16/10/2015;9006.65;006002
5101;16/10/2015;9006.65;006002
5101;16/10/2015;9006.65;006002
5101;16/10/2015;9006.65;006002
5101;16/10/2015;9006.65;006002
5102;31/01/2019;2352.15;
5101;17/05/2013;693.98;
5101;02/12/2011;161.71;
5101;19/08/2011;1480;
5101;13/11/2013;3520.91;
5101;10/07/2014;225;004268
5102;07/11/2019;933.3;
5101;11/03/2015;734;
5100;28/10/2020;1200;
5115;24/02/2014;17230;
5115;24/02/2014;17230;
5102;20/12/2022;663.15;
5100;28/10/2020;1200;
5100;28/10/2020;1200;
5100;28/10/2020;1200;
5102;25/08/2022;322.94;
5101;11/07/2011;2700;
5101;11/07/2011;2700;
5102;26/08/2020;5321;
5101;22/07/2022;81210.07;012297
5101;22/07/2022;81210.07;012297
5101;22/07/2022;81210.07;012297
5101;22/07/2022;81210.07;012297
5101;08/07/2022;42534;
5101;08/07/2022;42534;
5101;08/07/2022;42534;
5101;08/07/2022;42534;
5101;22/07/2022;81210.07;012297
5101;08/07/2022;42534;
5101;08/07/2022;42534;
5101;08/07/2022;42534;
5101;08/07/2022;42534;
5101;08/07/2022;42534;
5102;26/08/2021;2950;
5100;30/08/2023;180000;
5106;28/04/2025;0;
5101;06/10/2017;18632.81;024002
5101;06/10/2017;18632.81;024002
5101;31/10/2017;51000;024013
5101;21/11/2011;6363.04;
5101;01/11/2017;8106.45;023765
5101;09/11/2017;3340.33;024277
5101;09/11/2017;3340.33;024277
5101;09/11/2017;3340.33;024277
5101;21/02/2022;59247.32;
5102;26/08/2020;5321;
5101;30/09/2021;1424.7;
5101;30/09/2021;1424.7;
5101;30/09/2021;1424.7;
5101;30/09/2021;1424.7;
5101;30/09/2021;1424.7;
5102;26/08/2021;2950;
5101;06/05/2021;9449.4;
5101;06/05/2021;9449.4;
5101;12/12/2017;123.15;024051
5101;13/12/2017;127300;024577
5101;06/05/2021;9449.4;
5101;11/06/2012;5184.55;
5101;08/09/2017;17998.59;
5101;31/03/2014;790;
5101;12/05/2017;1403.15;010683
5101;02/09/2020;3284;
5101;11/03/2015;734;008828
5101;11/03/2015;734;008979
5101;22/08/2014;3300;
5101;11/03/2015;734;008828
5101;23/08/2011;3671.99;
5102;29/04/2020;1407.78;
5101;19/10/2011;519.58;
5101;21/11/2011;25409.72;
5101;21/11/2011;25409.72;
5101;21/11/2011;25409.72;
5101;21/11/2011;25409.72;
5101;21/11/2011;25409.72;
5101;11/03/2015;734;
5101;11/03/2015;734;
5101;24/04/2012;55.6;
5102;29/04/2020;1407.78;
5100;30/08/2023;180000;
5101;02/12/2011;161.71;
5101;05/06/2012;3160;
5101;05/06/2012;3100;
5101;17/07/2012;901.2;
5101;11/06/2012;5184.55;
5101;03/09/2012;8300;001934
5101;07/04/2017;2860;
5101;03/09/2012;8300;
5101;11/03/2015;734;
5102;27/07/2022;45.94;
5102;27/07/2022;45.94;
5101;21/11/2011;6363.04;
5101;29/05/2013;8074.98;
5101;29/05/2013;8074.98;
5101;22/03/2013;242;002516
5102;25/08/2022;322.94;
5101;12/06/2013;467.07;
5102;26/08/2020;5321;
5100;08/04/2016;1800;
5102;26/06/2020;1510.61;
5149;10/04/2015;0;
5102;26/08/2020;5321;
5102;29/04/2020;1407.78;
5101;19/08/2011;1480;
5101;04/01/2016;81813.55;
5101;10/06/2015;265.54;
5102;26/08/2020;5321;
5101;10/06/2015;265.54;
5101;10/06/2015;265.54;
5101;10/06/2015;265.54;
5101;29/05/2015;600000;
5101;29/05/2015;600000;
5101;29/05/2015;600000;
5101;29/05/2015;600000;
5102;29/04/2020;1407.78;
5101;31/08/2011;2191.83;
5102;18/07/2022;183.76;
5101;05/01/2018;2173.6;024471
5101;05/01/2018;2173.6;024471
5101;05/01/2018;2173.6;024471
5101;05/01/2018;2173.6;024471
5101;12/01/2018;8090;024675
5101;12/01/2018;8090;024675
5101;12/01/2018;8090;024675
5109;04/03/2020;116000;
5101;23/06/2016;327.99;
5101;07/07/2016;482.26;
5102;18/11/2025;3801.06;
5101;29/08/2016;18812.48;
5101;07/04/2017;2860;
5101;12/05/2017;1403.15;
5101;21/11/2011;6363.04;
5109;04/03/2020;116000;
5101;09/02/2012;42621.2;
5102;29/04/2020;1407.78;
5102;29/04/2020;1407.78;
5101;17/05/2013;693.98;
5101;07/04/2017;2860;
5101;14/06/2017;963.12;
5101;19/08/2011;1480;
5102;07/11/2019;933.3;
5101;11/03/2015;734;
5102;29/04/2020;1407.78;
5100;11/03/2024;5300;003839
5101;02/08/2011;582.08;001686
5101;04/08/2011;36.44;001504
5101;18/10/2011;175.69;003193
5101;18/10/2011;14.96;003189
5101;18/10/2011;14.96;003189
5101;18/10/2011;175.69;003193
5101;11/06/2012;5184.55;
5101;11/03/2015;734;
5101;23/03/2012;8008.07;005085
5101;31/03/2014;790;025091
5101;31/03/2014;790;025091
5101;31/03/2014;790;025091
5101;31/03/2014;790;025091
5101;31/03/2014;790;
5101;21/05/2013;21681;009122
5101;08/09/2017;17998.59;
5101;13/12/2011;1065.33;003601
5101;13/12/2011;1065.33;003601
5101;13/12/2011;72.15;003894
5101;13/12/2011;72.15;003894
5101;15/12/2011;691.53;003880
5101;15/12/2011;691.53;003880
5101;22/02/2012;41847;004555
5101;12/01/2012;258.46;004031
5101;28/12/2011;368.2;003094
5101;12/01/2012;457.47;004108
5101;04/01/2012;381.03;003765
5101;04/01/2012;381.03;003765
5101;22/02/2012;41847;004555
5101;13/01/2012;36.86;004155
5101;13/01/2012;36.86;004098
5101;26/01/2012;1435.97;004269
5101;26/01/2012;1435.97;004269
5101;26/01/2012;1435.97;004269
5101;23/02/2012;234.96;004749
5101;23/03/2012;8008.07;005085
5101;01/03/2012;8475.54;004809
5101;01/03/2012;8475.54;004809
5101;01/03/2012;8475.54;004809
5101;17/07/2012;901.2;006173
5101;20/08/2012;4721.54;006466
5101;15/08/2012;95;006293
5101;16/08/2012;3022.5;006519
5101;16/08/2012;3022.5;006519
5101;21/11/2012;713.95;007434
5101;02/10/2012;1566.48;006857
5101;29/10/2012;83751.96;006945
5101;19/10/2012;1618.03;006925
5101;19/10/2012;1618.03;006925
5101;19/10/2012;1618.03;006925
5101;09/11/2012;394.42;007238
5101;12/12/2012;5200;007729
5121;29/06/2020;0;
5101;12/12/2012;20801.08;007730
5101;21/01/2013;258.06;007913
5101;21/01/2013;4000.18;007783
5101;24/02/2014;1453.6;012055
5101;05/03/2013;2500;008404
5101;22/03/2013;242;007843
5101;24/06/2013;6014.66;009324
5101;24/06/2013;6014.66;009324
5101;24/06/2013;6014.66;009324
5101;24/06/2013;6014.66;009324
5101;24/06/2013;6014.66;009324
5101;24/06/2013;6014.66;009324
5101;24/06/2013;6014.66;009324
5101;24/06/2013;6014.66;009324
5101;24/06/2013;6014.66;009324
5101;24/06/2013;6014.66;009324
5101;24/06/2013;6014.66;009324
5101;24/06/2013;6014.66;009324
5101;24/06/2013;6014.66;009324
5101;24/06/2013;6014.66;009324
5101;24/06/2013;6014.66;009324
5101;24/06/2013;6014.66;009324
5101;24/06/2013;6014.66;009324
5101;24/06/2013;6014.66;009324
5101;24/06/2013;6610.52;009323
5101;24/06/2013;6014.66;009324
5101;24/06/2013;6610.52;009323
5101;24/06/2013;6610.52;009323
5101;24/06/2013;6014.66;009324
5101;24/06/2013;6014.66;009324
5101;24/06/2013;6014.66;009324
5101;24/06/2013;6014.66;009324
5101;24/06/2013;6014.66;009324
5101;24/06/2013;6610.52;009323
5101;24/06/2013;6610.52;009323
5101;24/06/2013;6610.52;009323
5101;24/06/2013;6610.52;009323
5101;24/06/2013;6610.52;009323
5101;24/06/2013;6610.52;009323
5101;24/06/2013;6610.52;009323
5101;24/06/2013;6610.52;009323
5101;24/06/2013;6610.52;009323
5101;24/06/2013;6610.52;009323
5101;24/06/2013;6610.52;009323
5101;24/06/2013;6610.52;009323
5101;24/06/2013;6610.52;009323
5101;24/06/2013;6610.52;009323
5101;24/06/2013;6610.52;009323
5101;24/06/2013;6610.52;009323
5101;24/06/2013;6610.52;009323
5101;24/06/2013;6610.52;009323
5101;24/06/2013;6610.52;009323
5101;24/06/2013;6610.52;009323
5101;24/06/2013;6252.65;009320
5101;24/06/2013;6610.52;009323
5101;24/06/2013;6610.52;009323
5101;24/06/2013;7781.01;009319
5101;24/06/2013;6252.65;009320
5101;24/06/2013;6252.65;009320
5101;24/06/2013;6252.65;009320
5101;24/06/2013;6252.65;009320
5101;24/06/2013;6252.65;009320
5101;24/06/2013;6252.65;009320
5101;24/06/2013;6252.65;009320
5101;24/06/2013;4852.61;009318
5101;24/06/2013;7781.01;009319
5101;24/06/2013;6252.65;009320
5101;24/06/2013;5746.3;009316
5101;24/06/2013;6252.65;009320
5101;24/06/2013;6252.65;009320
5101;24/06/2013;6252.65;009320
5101;24/06/2013;6252.65;009320
5101;24/06/2013;6252.65;009320
5101;24/06/2013;6252.65;009320
5101;24/06/2013;6252.65;009320
5101;24/06/2013;6252.65;009320
5101;24/06/2013;7781.01;009319
5101;24/06/2013;6252.65;009320
5101;24/06/2013;6252.65;009320
5101;24/06/2013;6252.65;009320
5101;24/06/2013;6252.65;009320
5101;24/06/2013;7781.01;009319
5101;24/06/2013;7781.01;009319
5101;24/06/2013;7781.01;009319
5101;24/06/2013;7781.01;009319
5101;24/06/2013;7781.01;009319
5101;24/06/2013;7781.01;009319
5101;24/06/2013;7781.01;009319
5101;24/06/2013;7781.01;009319
5101;24/06/2013;7781.01;009319
5101;24/06/2013;7781.01;009319
5101;24/06/2013;7781.01;009319
5101;24/06/2013;7781.01;009319
5101;24/06/2013;4852.61;009318
5101;24/06/2013;7781.01;009319
5101;24/06/2013;7781.01;009319
5101;24/06/2013;7781.01;009319
5101;24/06/2013;7781.01;009319
5101;24/06/2013;4852.61;009318
5101;24/06/2013;4852.61;009318
5101;24/06/2013;4852.61;009318
5101;24/06/2013;5746.3;009316
5101;24/06/2013;4852.61;009318
5101;24/06/2013;5746.3;009316
5101;24/06/2013;4852.61;009318
5101;24/06/2013;4852.61;009318
5101;24/06/2013;4852.61;009318
5101;24/06/2013;4852.61;009318
5101;24/06/2013;4852.61;009318
5101;24/06/2013;4852.61;009318
5101;24/06/2013;4852.61;009318
5101;24/06/2013;4852.61;009318
5101;24/06/2013;4852.61;009318
5101;24/06/2013;4852.61;009318
5101;24/06/2013;5746.3;009316
5101;24/06/2013;5746.3;009316
5101;24/06/2013;5746.3;009316
5101;24/06/2013;5746.3;009316
5101;24/06/2013;5746.3;009316
5101;24/06/2013;5746.3;009316
5101;24/06/2013;5746.3;009316
5101;24/06/2013;5746.3;009316
5101;24/06/2013;5746.3;009316
5101;24/06/2013;5746.3;009316
5101;24/06/2013;5746.3;009316
5101;24/06/2013;5746.3;009316
5101;24/06/2013;5746.3;009316
5101;24/06/2013;5746.3;009316
5101;24/06/2013;5746.3;009316
5101;24/06/2013;5746.3;009316
5101;24/06/2013;5746.3;009316
5101;24/06/2013;5746.3;009316
5101;24/06/2013;5746.3;009316
5101;04/06/2013;5700;009000
5101;24/06/2013;5746.3;009316
5101;25/07/2013;288.6;009697
5101;30/09/2014;2351.12;014575
5101;30/09/2014;27453.62;014577
5101;30/09/2014;27453.62;014577
5101;30/09/2014;27453.62;014577
5101;03/11/2014;1862.56;014638
5101;03/11/2014;1862.56;014638
5101;11/02/2014;10947.6;011919
5101;11/02/2014;10947.6;011919
5101;30/09/2014;27453.62;014577
5101;29/01/2014;18089.48;011289
5101;29/01/2014;18089.48;011289
5101;29/01/2014;18089.48;011289
5101;29/01/2014;18089.48;011289
5101;29/01/2014;18089.48;011289
5101;08/05/2014;34.12;012645
5101;18/02/2013;5082;008044
5101;27/05/2014;6000;013048
5101;12/03/2014;10815.04;012322
5101;08/05/2014;34.12;012645
5101;21/11/2011;6363.04;
5101;11/03/2015;734;
5101;24/07/2014;10379;013629
5101;28/08/2014;5602.1;014042
5101;28/08/2014;5602.1;014042
5101;29/08/2014;5694.15;014073
5101;14/08/2014;8400;013779
5101;20/08/2014;216.15;014015
5101;28/08/2014;5575.69;014044
5101;28/08/2014;5575.69;014044
5101;24/09/2014;5110.98;014469
5100;06/04/2018;669.02;
5100;06/04/2018;669.02;
5116;19/04/2018;3895;
5101;26/04/2018;4584.3;025492
5101;08/09/2014;4962;014264
5135;25/05/2018;12443.97;025752
5135;25/05/2018;12443.97;025752
5101;10/12/2012;529.67;
5101;03/09/2014;9300;014210
5101;03/09/2014;9300;014210
5135;02/09/2014;5706.3;013823
5101;22/10/2014;2700;014770
5101;22/09/2014;5110.98;014469
5101;02/10/2014;101913.2;014174
5101;02/10/2014;101913.2;014174
5101;02/10/2014;101913.2;014174
5101;02/10/2014;101913.2;014174
5101;17/05/2013;693.98;
5101;03/11/2014;1862.56;014638
5101;12/05/2017;1403.15;
5102;14/08/2023;173;
5101;03/11/2014;2700;014772
5101;03/11/2014;1862.56;014638
5101;08/06/2018;385964.91;025979
5101;14/06/2018;1490.88;026016
5101;22/06/2018;939022.75;026113
5101;22/06/2018;939022.75;026113
5101;22/06/2018;939022.75;026113
5101;22/06/2018;939022.75;026113
5101;26/06/2018;7024.22;025843
5101;19/08/2016;175.01;020227
5120;19/12/2019;1080.28;
5101;23/08/2016;926.68;020430
5101;29/08/2016;18812.48;020544
5101;29/08/2016;18812.48;020544
5101;29/08/2016;18812.48;020544
5101;29/08/2016;18812.48;020544
5101;29/08/2016;18812.48;020544
5101;29/08/2016;18812.48;020544
5101;15/01/2018;18200;
5101;31/08/2016;324.28;020419
5101;31/08/2016;324.28;020419
5101;31/08/2016;324.28;020419
5101;31/08/2016;324.28;020419
5102;26/08/2020;5321;
5101;02/12/2011;161.71;
5101;23/09/2016;826.22;020627
5101;27/09/2016;1299.52;020709
5101;27/09/2016;1299.52;020709
5101;28/09/2016;4875.82;020538
5101;29/09/2016;313.95;020808
5101;30/09/2016;2809.33;020795
5101;12/05/2017;1403.15;
5101;14/06/2017;963.12;
5109;04/03/2020;116000;
5109;04/03/2020;116000;
5100;11/01/2019;688.43;
5100;11/01/2019;688.43;
5101;31/03/2014;790;
5106;28/04/2025;0;
5101;18/11/2016;2798;021204
5102;20/01/2022;1729.47;
5102;20/01/2022;1729.47;
5102;20/01/2022;1729.47;
5102;20/01/2022;1729.47;
5101;09/12/2016;39334.95;021408
5101;16/12/2016;1604.32;020984
5101;16/12/2016;1604.32;020984
5101;16/12/2016;1604.32;020984
5101;16/12/2016;1604.32;020984
5101;16/12/2016;1604.32;020984
5101;16/12/2016;1604.32;020984
5101;11/03/2015;734;
5100;21/10/2019;30000;
5101;21/12/2016;1532.58;021334
5102;26/08/2020;5321;
5115;17/01/2017;3000;
5106;14/08/2024;0;
5101;14/02/2017;9620.29;021912
5101;22/02/2017;3614.58;021944
5101;22/02/2017;3614.58;021944
5101;22/02/2017;3614.58;021944
5101;22/02/2017;3614.58;021944
5101;22/02/2017;3614.58;021944
5101;22/02/2017;3614.58;021944
5101;22/02/2017;3614.58;021944
5100;14/08/2020;1500;022009
5101;04/07/2012;1850.01;
5101;20/03/2017;2948.41;022153
5101;20/03/2017;2948.41;022153
5101;20/03/2017;2948.41;022153
5102;27/07/2022;45.94;
5101;18/01/2021;3993;
5101;31/03/2014;790;
5101;12/05/2017;1403.15;
5101;17/05/2013;693.98;
5101;05/04/2017;1060.01;022315
5101;11/04/2017;5847.8;022283
5101;08/09/2017;17998.59;
5101;19/04/2017;953.95;022463
5101;19/04/2017;953.95;022463
5101;27/04/2017;6453.51;022560
5101;21/05/2014;57848.95;
5101;21/05/2014;57848.95;
5101;25/05/2017;13170.16;022779
5101;25/05/2017;13170.16;022779
5101;25/05/2017;13170.16;022779
5101;25/05/2017;13170.16;022779
5101;25/05/2017;13170.16;022779
5101;25/05/2017;13170.16;022779
5101;25/05/2017;13170.16;022779
5101;25/05/2017;13170.16;022779
5101;25/05/2017;19916.65;022780
5101;25/05/2017;19916.65;022780
5101;25/05/2017;19916.65;022780
5101;25/05/2017;19916.65;022780
5101;25/05/2017;19916.65;022780
5101;25/05/2017;19916.65;022780
5101;25/05/2017;12035.55;022777
5101;25/05/2017;12035.55;022777
5101;25/05/2017;12035.55;022777
5101;25/05/2017;12035.55;022777
5101;25/05/2017;12035.55;022777
5102;26/08/2020;5321;
5101;10/05/2017;17775.2;022507
5101;12/05/2017;6400;022684
5109;30/05/2017;7239.78;021566
5101;12/05/2017;1403.15;022525
5101;25/05/2017;45043.08;022835
5101;25/05/2017;45043.08;022835
5101;25/05/2017;45043.08;022835
5101;26/05/2017;19916.65;022780
5101;26/05/2017;19916.65;022780
5101;26/05/2017;19916.65;022780
5101;26/05/2017;19916.65;022780
5101;26/05/2017;19916.65;022780
5101;26/05/2017;19916.65;022780
5101;26/05/2017;13170.16;022779
5101;26/05/2017;13170.16;022779
5101;26/05/2017;13170.16;022779
5101;26/05/2017;13170.16;022779
5101;26/05/2017;13170.16;022779
5101;26/05/2017;13170.16;022779
5101;26/05/2017;13170.16;022779
5101;26/05/2017;13170.16;022779
5101;02/12/2011;161.71;
5101;11/03/2015;734;
5101;14/11/2014;2351.12;014639
5149;18/08/2011;0;
5101;12/05/2017;1403.15;
5101;14/06/2017;963.12;
5101;08/09/2017;17998.59;
5101;08/09/2017;17998.59;
5101;08/09/2017;17998.59;
5101;08/09/2017;17998.59;
5149;18/09/2015;0;
5100;21/07/2011;210;
5101;03/04/2013;5537.18;007134
5101;17/05/2013;693.98;
5101;04/07/2012;1850.01;
5101;04/07/2012;1850.01;
5102;22/04/2019;2245.29;
5149;02/07/2012;0;
5102;27/08/2021;2727.88;
5106;22/10/2024;0;
5106;22/10/2024;0;
5106;22/10/2024;0;
5101;30/07/2018;487.6;026272
5101;30/07/2018;487.6;026272
5101;21/11/2011;6363.04;
5101;12/05/2017;1403.15;
5197;18/12/2018;30000;
5101;14/06/2017;963.12;
5101;11/03/2015;734;
5101;12/09/2016;11387.98;020425
5101;11/03/2015;734;
5149;22/02/2012;0;
5101;21/11/2011;6363.04;
5101;21/11/2011;6363.04;
5101;21/11/2011;6363.04;
5101;21/11/2011;6363.04;
5101;03/09/2018;35999.94;026830
5102;03/05/2023;4797;
5101;10/12/2012;529.67;
5101;12/05/2017;1403.15;
5102;26/08/2020;5321;
5120;31/10/2018;14624.76;025606
5102;31/10/2018;10199.94;027239
5101;31/10/2018;1330.53;027260
5149;21/07/2011;0;
5149;21/07/2011;0;
5101;11/03/2015;734;
5101;11/03/2015;734;
5101;11/03/2015;734;
5101;11/03/2015;734;
5101;11/03/2015;734;008213
5101;11/03/2015;734;
5101;11/03/2015;734;
5101;11/03/2015;734;
5149;29/08/2011;0;
5149;05/09/2011;0;
5149;08/04/2016;0;
5149;11/10/2011;0;
5149;24/10/2011;0;
5120;19/12/2018;150;027584
5101;20/12/2018;289337.18;027843
5101;20/12/2018;289337.18;027843
5101;20/12/2018;289337.18;027843
5101;10/12/2012;529.67;
5100;11/01/2019;688.43;
5101;09/02/2012;42621.2;
5101;11/06/2012;5184.55;
5102;26/08/2020;5321;
5197;25/01/2019;1511.47;027083
5100;28/07/2014;2000;
5149;12/06/2012;0;
5149;19/07/2012;0;
5149;08/05/2012;0;
5149;12/07/2012;0;
5149;09/10/2012;0;
5100;06/05/2016;7500;
5149;06/11/2012;0;
5149;18/12/2012;0;
5149;28/01/2013;0;
5102;03/01/2023;32400.87;
5149;25/02/2013;0;
5149;24/05/2013;0;
5149;04/07/2013;0;
5149;22/08/2013;0;
5149;08/01/2014;0;
5149;24/01/2014;0;
5149;05/02/2014;0;
5149;11/03/2014;0;
5149;19/03/2014;0;
5149;24/09/2014;0;
5149;29/09/2014;0;
5120;09/05/2019;350;
5101;19/08/2011;1480;
5149;09/06/2015;0;
5149;12/08/2015;0;
5149;23/12/2015;0;
5102;18/02/2019;3678.26;
5101;24/07/2013;2199;
5120;19/12/2019;1080.28;
5101;26/03/2012;2547.46;001717
5101;26/03/2012;2547.46;
5102;29/04/2020;1407.78;
5102;29/04/2020;1407.78;
5102;29/04/2020;1407.78;
5102;29/04/2020;1407.78;
5102;29/04/2020;1407.78;
5102;29/04/2020;1407.78;
5101;;2614.16;
5149;27/08/2014;0;
5149;08/04/2016;0;
5149;08/04/2016;0;
5101;02/12/2011;161.71;
5101;02/12/2011;161.71;
5101;02/12/2011;161.71;
5101;02/12/2011;161.71;
5100;21/10/2019;30000;
5102;26/08/2020;5321;
5102;26/08/2020;5321;
5102;26/08/2020;5321;
5101;23/11/2011;409.5;
5101;06/02/2019;90000;028028
5101;06/02/2019;90000;028028
5101;06/02/2019;90000;028028
5101;06/02/2019;90000;028028
5101;06/02/2019;90000;028028
5101;06/02/2019;90000;028028
5101;06/02/2019;90000;028028
5101;02/12/2011;161.71;
5101;02/12/2011;161.71;
5101;02/12/2011;161.71;
5101;02/12/2011;161.71;
5101;02/12/2011;161.71;
5101;02/12/2011;161.71;
5101;02/12/2011;161.71;
5101;02/12/2011;161.71;
5101;14/06/2017;963.12;
5102;04/02/2019;5099.97;027940
5102;07/02/2019;1882.08;027250
5102;14/02/2019;2352.15;028267
5109;04/03/2020;116000;
5101;02/12/2011;161.71;
5102;07/11/2019;933.3;
5100;26/03/2019;1200;
5102;27/08/2021;2727.88;
5101;09/02/2012;42621.2;
5102;14/02/2019;2352.15;
5101;11/06/2012;5184.55;
5101;11/06/2012;5184.55;
5106;29/04/2025;0;
5149;13/07/2012;0;
5149;20/08/2012;0;
5149;02/01/2013;0;
5149;17/01/2013;0;
5149;19/03/2013;0;
5149;15/04/2013;0;
5149;30/08/2013;0;
5149;03/09/2013;0;
5149;30/08/2013;0;
5149;24/09/2013;0;
5149;09/12/2013;0;
5149;04/02/2014;0;
5149;19/02/2014;0;
5149;14/03/2014;0;
5149;26/05/2014;0;
5149;21/05/2014;0;
5149;16/09/2014;0;
5149;01/10/2014;0;
5149;24/11/2014;0;
5149;04/12/2014;0;
5149;24/02/2015;0;
5149;24/06/2015;0;
5149;30/07/2015;0;
5149;20/08/2015;0;
5149;23/10/2015;0;
5149;10/11/2015;0;
5101;08/04/2015;18631.82;
5101;08/04/2015;18631.82;016082
5101;08/04/2015;18631.82;016082
5101;08/04/2015;18631.82;016082
5101;08/04/2015;18631.82;016082
5101;08/04/2015;18631.82;016082
5101;08/04/2015;18631.82;016082
5101;08/04/2015;18631.82;016082
5101;08/04/2015;18631.82;016082
5149;08/04/2016;0;
5149;05/03/2012;0;
5100;11/06/2012;66;
5101;15/04/2016;4664.82;019098
5149;21/07/2011;0;
5149;10/04/2015;0;
5101;12/05/2017;1403.15;
5101;12/05/2017;1403.15;
5101;12/05/2017;1403.15;
5101;12/05/2017;1403.15;
5101;12/05/2017;1403.15;000093
5101;12/05/2017;1403.15;000093
5101;12/05/2017;1403.15;000093
5101;12/05/2017;1403.15;000093
5101;12/05/2017;1403.15;
5101;14/06/2017;963.12;
5101;14/06/2017;963.12;
5101;14/06/2017;963.12;
5101;10/12/2012;529.67;
5101;10/12/2012;529.67;
5101;10/12/2012;529.67;
5101;10/12/2012;529.67;
5101;10/12/2012;529.67;
5101;10/12/2012;529.67;
5101;10/12/2012;529.67;
5101;10/12/2012;529.67;
5100;31/08/2012;101;
5101;12/07/2013;111577.12;008231
5101;12/07/2013;111577.12;008231
5101;12/07/2013;111577.12;008231
5101;12/07/2013;111577.12;008231
5101;12/07/2013;111577.12;008231
5101;12/07/2013;111577.12;008231
5101;08/09/2017;17998.59;
5101;08/09/2017;17998.59;
5101;08/09/2017;17998.59;
5101;08/09/2017;17998.59;
5101;21/05/2014;57848.95;019304
5101;21/05/2014;57848.95;
5101;21/05/2014;57848.95;019304
5101;21/05/2014;57848.95;019304
5101;21/05/2014;57848.95;019304
5101;21/05/2014;57848.95;019304
5101;21/05/2014;57848.95;019304
5101;21/05/2014;57848.95;019304
5101;21/05/2014;57848.95;019304
5101;21/05/2014;57848.95;
5101;21/05/2014;57848.95;013046
5100;21/07/2011;210;
5101;17/05/2013;693.98;
5120;15/04/2019;5823.73;028632
5120;15/04/2019;5823.73;028632
5120;15/04/2019;5823.73;028632
5120;30/04/2019;4208.31;028639
5120;30/04/2019;4208.31;028639
5120;30/04/2019;4208.31;028639
5120;30/04/2019;4208.31;028639
5101;09/04/2019;2117.68;028456
5102;22/04/2019;2245.29;028202
5102;25/04/2019;21169.35;028739
5102;22/04/2019;2245.29;013246
5102;22/04/2019;2245.29;
5101;11/03/2015;734;
5101;21/05/2014;57848.95;
5197;09/05/2019;62.85;027111
5101;03/05/2019;7056.45;028895
5101;16/05/2019;45267.9;028902
5101;27/05/2019;4614.22;029160
5101;27/05/2019;4614.22;029160
5121;21/06/2019;0;
5101;11/03/2015;734;018653
5101;13/06/2019;300625;029148
5101;25/06/2019;71772.96;029462
5101;25/06/2019;71772.96;029462
5101;25/06/2019;271.22;029340
5101;25/06/2019;271.22;029340
5101;25/06/2019;271.22;029340
5101;01/11/2018;1480.49;027304
5101;01/06/2017;3654;
5115;18/07/2019;91635.52;028900
5115;02/07/2019;91635.52;
5115;15/07/2019;47303.21;028592
5115;15/07/2019;47303.21;028592
5101;21/05/2014;57848.95;029600
5101;21/11/2011;6363.04;003683
5101;21/11/2011;6363.04;003683
5101;21/11/2011;6363.04;003683
5101;21/11/2011;6363.04;003683
5101;21/11/2011;6363.04;003683
5101;21/11/2011;6363.04;003683
5101;21/11/2011;6363.04;003683
5101;21/11/2011;6363.04;003683
5101;21/11/2011;6363.04;003683
5101;21/11/2011;6363.04;003683
5101;21/11/2011;6363.04;003683
5101;21/11/2011;6363.04;003683
5101;21/11/2011;6363.04;003683
5101;21/11/2011;6363.04;003683
5101;21/11/2011;6363.04;003683
5101;21/11/2011;6363.04;003683
5101;21/11/2011;6363.04;003683
5101;21/11/2011;6363.04;
5101;21/11/2011;6363.04;003683
5101;21/11/2011;6363.04;003683
5101;21/11/2011;6363.04;003683
5101;21/11/2011;6363.04;003683
5101;21/11/2011;6363.04;003683
5101;21/11/2011;6363.04;003683
5101;21/11/2011;6363.04;003683
5101;21/11/2011;6363.04;003683
5101;21/11/2011;6363.04;003683
5101;21/11/2011;6363.04;003683
5101;21/11/2011;6363.04;003683
5101;21/11/2011;6363.04;003683
5101;21/11/2011;6363.04;003683
5101;21/11/2011;6363.04;003683
5101;21/11/2011;6363.04;003683
5101;21/11/2011;6363.04;003683
5101;21/11/2011;6363.04;003683
5101;21/11/2011;6363.04;003683
5101;21/11/2011;6363.04;003683
5101;21/11/2011;6363.04;003683
5101;21/11/2011;6363.04;003683
5101;21/11/2011;6363.04;003683
5101;21/11/2011;6363.04;
5101;21/11/2011;6363.04;
5101;21/11/2011;6363.04;003239
5101;21/11/2011;6363.04;003239
5101;21/11/2011;6363.04;003239
5101;21/11/2011;6363.04;003239
5101;21/11/2011;6363.04;
5102;20/12/2022;663.15;
5101;11/03/2015;734;
5101;11/03/2015;734;
5101;11/03/2015;734;002213
5101;11/03/2015;734;002213
5101;11/03/2015;734;002213
5101;11/03/2015;734;002213
5101;11/03/2015;734;002213
5101;11/03/2015;734;002213
5101;11/03/2015;734;002213
5101;11/03/2015;734;002213
5101;11/03/2015;734;002213
5101;11/03/2015;734;002213
5101;11/03/2015;734;002213
5101;11/03/2015;734;002213
5101;11/03/2015;734;002213
5101;11/03/2015;734;002213
5101;11/03/2015;734;002213
5101;11/03/2015;734;002213
5101;11/03/2015;734;002213
5101;11/03/2015;734;002213
5101;11/03/2015;734;002213
5101;11/03/2015;734;002213
5101;11/03/2015;734;002213
5101;11/03/2015;734;002213
5101;11/03/2015;734;
5101;11/03/2015;734;002213
5101;11/03/2015;734;002213
5101;11/03/2015;734;002213
5101;11/03/2015;734;002213
5101;11/03/2015;734;002213
5101;11/03/2015;734;002213
5101;11/03/2015;734;002213
5101;11/03/2015;734;002213
5101;11/03/2015;734;002213
5101;11/03/2015;734;002213
5101;11/03/2015;734;002213
5101;11/03/2015;734;
5101;11/03/2015;734;
5101;11/03/2015;734;015673
5101;03/10/2014;464.92;014470
5102;18/11/2025;3801.06;
5100;05/08/2019;1191.9;
5102;29/04/2020;1407.78;
5100;26/08/2019;1191.9;
5101;05/08/2019;700.69;029003
5101;05/08/2019;700.69;029003
5101;05/08/2019;700.69;029003
5101;07/04/2017;2860;
5102;29/04/2020;1407.78;
5100;09/09/2019;900;
5100;10/09/2019;1500;
5101;11/03/2015;734;
5102;26/08/2020;5321;
5115;27/09/2019;91635.52;029678
5109;04/03/2020;116000;
5101;19/09/2019;3654.32;030047
5101;02/12/2011;161.71;
5100;21/10/2019;30000;
5120;22/10/2019;7000;030370
5101;04/10/2019;2033.23;030286
5101;04/10/2019;2033.23;030286
5101;04/10/2019;2033.23;030286
5101;04/10/2019;2033.23;030286
5102;21/10/2019;3250.1;027084
5101;14/06/2017;963.12;
5101;03/05/2012;521.76;
5100;14/02/2019;1200;
5100;14/02/2019;1200;
5100;14/02/2019;1200;
5100;14/02/2019;1200;
5100;14/02/2019;1200;
5102;26/08/2020;5321;
5101;08/09/2017;17998.59;
5102;29/04/2020;1407.78;
5101;14/11/2019;35022.74;030437
5101;14/11/2019;35022.74;030437
5101;14/11/2019;35022.74;030437
5101;14/11/2019;35022.74;030437
5120;19/12/2019;1080.28;030679
5121;17/12/2019;0;
5121;17/12/2019;0;
5120;19/12/2019;8765.32;030898
5101;07/01/2019;1695;027926
5101;08/01/2019;110.16;027663
5101;04/07/2012;1850.01;027918
5101;04/07/2012;1850.01;027918
5101;04/07/2012;1850.01;027918
5101;04/07/2012;1850.01;027918
5101;04/07/2012;1850.01;
5101;03/12/2019;4431.15;030964
5101;03/12/2019;4431.15;030964
5121;13/01/2020;0;
5115;22/01/2020;25749.76;029903
5197;09/05/2019;62.85;
5101;26/02/2020;897.1;031118
5101;17/05/2013;693.98;
5120;03/02/2020;800;030077
5120;03/02/2020;160;031048
5120;03/02/2020;160;031193
5101;10/12/2012;529.67;
5101;22/08/2014;3300;
5100;08/04/2016;1800;018813
5101;11/08/2014;18177.48;012774
5102;29/04/2020;1407.78;
5109;04/03/2020;116000;
5109;04/03/2020;116000;
5109;04/03/2020;116000;
5109;04/03/2020;116000;
5109;04/03/2020;116000;
5120;19/12/2019;1080.28;009983
5120;19/12/2019;1080.28;009983
5102;29/04/2020;1407.78;
5102;29/04/2020;1407.78;
5102;29/04/2020;1407.78;
5102;29/04/2020;1407.78;
5115;27/04/2016;7400;
5115;27/04/2016;7400;
5101;21/11/2011;6363.04;
5101;27/09/2011;7500;003053
5101;27/09/2011;6000;003053
5116;10/10/2023;1288;
5116;10/10/2023;1288;
5116;10/10/2023;1288;
5116;10/10/2023;1288;
5116;10/10/2023;1288;
5116;10/10/2023;1288;
5116;10/10/2023;1288;
5116;10/10/2023;1288;
5116;10/10/2023;1288;
5116;10/10/2023;1288;
5116;10/10/2023;1288;
5116;10/10/2023;1288;
5116;10/10/2023;1288;
5116;10/10/2023;1288;
5116;10/10/2023;1288;
5116;10/10/2023;1288;
5116;10/10/2023;1288;
5116;10/10/2023;1288;
5116;10/10/2023;1288;
5102;18/07/2022;183.76;
5102;18/07/2022;183.76;
5101;02/12/2011;161.71;
5101;02/12/2011;161.71;
5101;02/12/2011;161.71;
5101;27/01/2012;1455.3;004480
5102;26/08/2020;5321;
5102;26/08/2020;5321;
5102;18/11/2025;3801.06;019808
5101;11/07/2011;158.97;001698
5101;09/02/2012;42621.2;
5101;04/01/2016;840;018297
5101;23/11/2011;409.5;003622
5120;10/09/2020;1500;
5101;09/02/2012;42621.2;010380
5101;09/02/2012;42621.2;010380
5101;09/02/2012;42621.2;010380
5101;09/02/2012;42621.2;
5101;06/03/2014;2532.43;011916
5106;21/03/2024;0;
5106;21/03/2024;0;
5106;21/03/2024;0;
5106;21/03/2024;0;
5106;21/03/2024;0;
5106;21/03/2024;0;
5106;21/03/2024;0;
5106;21/03/2024;0;
5106;21/03/2024;0;
5106;21/03/2024;0;
5106;21/03/2024;0;
5106;21/03/2024;0;
5106;21/03/2024;0;
5106;21/03/2024;0;
5106;21/03/2024;0;
5106;21/03/2024;0;
5106;21/03/2024;0;
5106;21/03/2024;0;
5106;21/03/2024;0;
5106;21/03/2024;0;
5106;21/03/2024;0;
5106;21/03/2024;0;
5106;21/03/2024;0;
5106;21/03/2024;0;
5106;21/03/2024;0;
5100;29/04/2013;240;008527
5101;11/06/2012;5184.55;
5101;11/06/2012;5184.55;006950
5101;11/06/2012;5184.55;
5101;11/06/2012;5184.55;
5101;11/06/2012;5184.55;
5101;11/06/2012;5184.55;
5101;11/06/2012;5184.55;
5101;11/06/2012;5184.55;
5101;11/06/2012;5184.55;
5101;11/06/2012;5184.55;
5101;11/06/2012;5184.55;
5101;11/06/2012;5184.55;
5101;11/06/2012;5184.55;
5100;25/10/2013;200;
5101;31/03/2014;790;
5101;04/07/2012;1850.01;
5101;04/07/2012;1850.01;
5101;04/07/2012;1850.01;
5101;04/07/2012;1850.01;
5101;04/07/2012;1850.01;
5101;04/07/2012;1850.01;
5101;04/07/2012;1850.01;
5101;04/07/2012;1850.01;
5197;11/03/2020;332.92;
5197;11/03/2020;332.92;
5101;09/03/2020;1787.43;031688
5102;03/03/2020;4641.04;031467
5101;22/04/2020;9608.15;032009
5101;22/04/2020;9608.15;032009
5102;29/04/2020;1407.78;031698
5100;31/10/2022;5300;
5101;12/05/2017;1403.15;
5101;17/05/2013;693.98;
5101;03/05/2012;521.76;032677
5101;03/05/2012;521.76;032677
5101;04/07/2012;1850.01;
5100;01/07/2020;1200;
5100;11/03/2024;5300;032585
5121;29/06/2020;0;
5120;19/12/2019;8765.32;
5101;12/06/2020;282.86;032330
5101;09/02/2012;42621.2;
5102;26/06/2020;1510.61;032291
5101;14/06/2017;963.12;
5101;04/07/2012;1850.01;
5101;04/07/2012;1850.01;
5120;21/08/2020;1000;032726
5101;12/08/2020;382141.08;032875
5101;12/08/2020;226571.77;032877
5101;12/08/2020;226571.77;032877
5101;12/08/2020;226571.77;032877
5101;12/08/2020;382141.08;032875
5101;12/08/2020;226571.77;032877
5101;12/08/2020;226571.77;032877
5135;24/08/2020;12872.66;033072
5101;21/05/2014;57848.95;
5101;12/08/2020;382141.08;032875
5101;12/08/2020;382141.08;032875
5101;14/09/2020;4397.06;033201
5102;03/09/2020;1673.69;033054
5101;14/09/2020;4397.06;033201
5101;10/12/2012;529.67;
5101;09/02/2012;42621.2;
5101;08/09/2017;17998.59;
5101;08/09/2017;17998.59;
5100;15/10/2020;3300;
5100;15/10/2020;3300;
5100;15/10/2020;3300;
5100;28/10/2020;1200;
5101;02/12/2011;161.71;033137
5101;02/12/2011;161.71;033137
5101;15/10/2020;588.85;033330
5101;15/10/2020;588.85;033330
5120;24/11/2020;1000;033386
5120;25/11/2020;7000;033523
5101;22/08/2014;3300;
5101;26/11/2020;7084.44;033806
5101;26/11/2020;7084.44;033806
5101;26/11/2020;7084.44;033806
5109;04/03/2020;116000;
5109;04/03/2020;116000;
5101;18/12/2020;1910.19;033984
5101;31/03/2014;790;
5101;18/12/2020;1910.19;033984
5101;18/12/2020;1910.19;033984
5101;18/12/2020;1910.19;033984
5101;03/05/2012;521.76;
5101;03/05/2012;521.76;
5101;03/05/2012;521.76;
5101;03/05/2012;521.76;
5101;03/05/2012;521.76;
5101;03/05/2012;521.76;
5100;05/01/2021;1200;
5101;21/05/2014;57848.95;
5102;22/04/2019;2245.29;
5100;03/03/2021;984;
5101;08/03/2021;541.58;034564
5102;18/03/2021;1832.33;034229
5101;31/03/2021;240480.78;034651
5101;31/03/2021;240480.78;034651
5101;31/03/2021;240480.78;034651
5101;26/04/2021;2850;034667
5101;13/04/2021;11416.71;034817
5101;13/04/2021;11416.71;034817
5101;13/04/2021;11416.71;034817
5101;13/04/2021;11416.71;034817
5101;13/04/2021;11416.71;034817
5100;07/05/2021;738;
5100;26/03/2019;1200;
5101;04/05/2021;9851.32;034753
5101;06/05/2021;11637.94;034950
5101;06/05/2021;11637.94;034950
5101;06/05/2021;11637.94;034950
5101;06/05/2021;11637.94;034950
5101;06/05/2021;11637.94;034950
5101;06/05/2021;11637.94;034950
5101;06/05/2021;11637.94;034950
5101;06/05/2021;11637.94;034950
5101;06/05/2021;11637.94;034950
5101;22/08/2014;3300;
5101;22/08/2014;3300;
5101;15/06/2021;85.56;035081
5101;15/06/2021;85.56;035081
5101;15/06/2021;262.25;035080
5102;03/03/2020;4641.04;
5100;14/08/2020;1500;
5101;09/02/2012;42621.2;
5100;04/08/2021;1200;
5120;23/08/2021;3000;035966
5101;11/08/2021;3261.42;035839
5102;26/08/2021;2950;035907
5101;11/06/2012;5184.55;
5101;30/09/2021;1424.7;036337
5197;03/11/2021;18.24;
5102;14/08/2023;173;
5102;14/08/2023;173;
5102;14/08/2023;173;
5102;14/08/2023;173;
5102;14/08/2023;173;
5102;14/08/2023;173;
5101;04/11/2021;3472.51;036356
5101;03/11/2021;3126.54;036329
5101;03/05/2012;521.76;
5101;21/09/2015;1200.04;
5101;08/09/2017;17998.59;
5102;29/04/2020;1407.78;
5100;10/01/2022;1500;
5102;14/01/2022;240296.81;031664
5102;14/01/2022;240296.81;031664
5102;07/11/2019;933.3;
5102;14/01/2022;240296.81;031664
5102;14/01/2022;240296.81;031664
5102;14/01/2022;240296.81;031664
5102;14/01/2022;240296.81;031664
5102;14/01/2022;240296.81;031664
5102;14/01/2022;240296.81;031664
5102;14/01/2022;240296.81;031664
5102;14/01/2022;240296.81;031664
5102;14/01/2022;240296.81;031664
5102;20/01/2022;1729.47;037161
5102;20/01/2022;1729.47;037161
5101;14/06/2017;963.12;
5101;14/06/2017;963.12;
5109;04/03/2020;116000;
5102;22/04/2019;2245.29;
5101;21/11/2011;6363.04;
5100;11/02/2022;1200;
5101;18/02/2022;6593.29;037414
5101;18/02/2022;6593.29;037414
5101;18/02/2022;6593.29;037414
5101;21/02/2022;11528.38;036969
5101;21/02/2022;59247.32;037014
5101;22/02/2022;6593.29;037472
5101;22/02/2022;6593.29;037472
5101;22/02/2022;6593.29;037472
5101;27/01/2012;1455.3;
5100;21/03/2022;900;
5102;29/04/2020;1407.78;037488
5101;09/02/2012;42621.2;
5100;06/05/2016;7500;
5101;03/03/2022;2718;037529
5101;11/03/2015;734;
5100;21/07/2011;210;
5101;05/04/2022;82.02;037577
5101;31/03/2014;790;
5102;18/02/2019;3678.26;
5149;10/04/2015;0;
5100;28/10/2020;1200;
5101;02/05/2022;6203.41;037987
5101;02/05/2022;5670.83;038046
5101;19/05/2022;289.24;038155
5101;17/05/2013;693.98;
5101;14/06/2017;963.12;
5120;09/05/2019;350;
5109;04/03/2020;116000;
5101;11/03/2015;734;
5101;07/04/2017;2860;
5101;30/06/2022;5878.31;038181
5102;22/06/2022;5764.23;038182
5102;22/06/2022;9213.35;038259
5102;29/06/2022;8102.75;036958
5120;19/12/2019;1080.28;
5101;08/07/2022;3791680.82;038560
5101;08/07/2022;3791680.82;038560
5101;08/07/2022;3791680.82;038560
5198;20/07/2022;3057.93;
5198;20/07/2022;3057.93;
5198;20/07/2022;3057.93;
5198;20/07/2022;3057.93;
5198;20/07/2022;3057.93;
5198;20/07/2022;3057.93;
5198;20/07/2022;3057.93;
5101;21/11/2011;6363.04;
5101;04/07/2012;1850.01;
5101;22/07/2022;81210.07;038498
5101;22/07/2022;81210.07;038498
5101;22/07/2022;81210.07;038498
5102;27/07/2022;45.94;038374
5102;18/07/2022;183.76;038374
5101;04/07/2012;1850.01;
5101;08/07/2022;42534;038418
5101;08/07/2022;42534;038418
5101;08/07/2022;42534;038418
5101;08/07/2022;42534;038418
5109;04/03/2020;116000;
5102;26/08/2020;5321;038947
5101;22/08/2022;340.04;038526
5102;25/08/2022;322.94;038754
5101;10/08/2022;653.36;038152
5102;22/04/2019;2245.29;
5120;19/05/2020;200;
5101;08/09/2017;17998.59;
5100;19/09/2022;33000;
5101;12/07/2013;111577.12;
5101;16/09/2022;360.5;039036
5101;21/09/2022;263.39;038337
5101;22/09/2022;5572.44;039243
5101;23/09/2022;2595.33;039161
5101;29/09/2022;3516.47;039364
5101;31/03/2014;790;
5102;26/08/2020;5321;
5116;17/10/2023;1613;
5116;17/10/2023;1613;
5116;17/10/2023;1613;
5116;17/10/2023;1613;
5116;17/10/2023;1613;
5116;17/10/2023;1613;
5116;17/10/2023;1613;
5116;17/10/2023;1613;
5101;17/05/2013;693.98;
5102;29/04/2020;1407.78;
5100;28/10/2020;1200;
5100;28/10/2020;1200;
5100;28/10/2020;1200;
5101;11/03/2015;734;
5101;11/03/2015;734;
5101;11/03/2015;734;
5105;30/11/2022;479.8;039410
5101;28/10/2022;132484.29;039354
5101;14/06/2017;963.12;
5101;11/03/2015;734;
5102;31/01/2019;2352.15;
5102;05/11/2025;484261.49;
5101;04/10/2022;18829.61;039298
5101;04/10/2022;18829.61;039298
5101;04/10/2022;18829.61;039298
5101;04/10/2022;18829.61;039298
5101;04/10/2022;18829.61;039298
5101;21/11/2011;6363.04;039418
5102;26/08/2020;5321;
5101;21/05/2014;57848.95;
5100;30/08/2023;180000;
5100;19/09/2022;33000;
5197;09/05/2019;62.85;
5101;28/10/2022;12212.62;039580
5100;31/10/2022;5300;
5101;04/11/2022;4200;039546
5101;07/11/2022;5740;039689
5101;07/04/2017;2860;
5101;07/04/2017;2860;
5101;10/12/2012;529.67;
5149;10/04/2015;0;
5105;08/12/2022;479.8;039896
5109;30/05/2017;7239.78;
5101;07/12/2022;27219.59;039714
5101;07/12/2022;27219.59;039714
5101;07/12/2022;27219.59;039714
5101;07/12/2022;27219.59;039714
5101;07/12/2022;27219.59;039714
5101;07/12/2022;27219.59;039714
5101;07/12/2022;27219.59;039714
5101;07/12/2022;27219.59;039714
5101;07/12/2022;27219.59;039714
5101;07/12/2022;27219.59;039714
5101;07/12/2022;27219.59;039714
5101;07/12/2022;3490.98;039666
5102;20/12/2022;663.15;039911
5102;18/07/2022;183.76;
5100;21/07/2011;210;
5102;29/04/2020;1407.78;
5102;03/01/2023;32400.87;038835
5102;03/01/2023;32400.87;038835
5102;03/01/2023;32400.87;038835
5102;03/01/2023;32400.87;038835
5101;10/01/2023;691.64;040070
5101;10/01/2023;691.64;040070
5101;19/01/2023;2780.87;040298
5101;19/01/2023;2780.87;040298
5102;22/04/2019;2245.29;
5100;13/02/2023;900;
5102;29/04/2020;1407.78;
5101;02/02/2023;691.64;040295
5101;02/02/2023;691.64;040295
5100;05/08/2019;1191.9;
5102;29/04/2020;1407.78;
5100;31/03/2023;900;
5102;22/03/2022;24860.89;035566
5109;04/03/2020;116000;
5101;21/05/2014;57848.95;
5102;14/08/2023;173;
5101;11/03/2015;734;
5121;29/06/2020;0;
5121;29/06/2020;0;
5101;01/11/2016;39334.95;
5101;01/11/2016;39334.95;
5101;01/11/2016;39334.95;
5101;01/11/2016;39334.95;
5101;17/05/2018;2040;
5101;17/05/2018;2040;
5101;17/05/2018;2040;
5101;17/05/2018;2040;
5101;17/05/2018;2040;
5101;17/05/2018;2040;
5101;17/05/2018;2040;
5101;17/05/2018;2040;
5101;17/05/2018;2040;
5109;04/03/2020;116000;
5101;11/03/2015;734;007325
5101;11/03/2015;734;007325
5101;11/03/2015;734;007325
5101;11/03/2015;734;007325
5101;11/03/2015;734;007325
5102;29/04/2020;1407.78;
5102;26/08/2020;5321;
5100;28/07/2014;2000;
5100;28/07/2014;2000;
5101;04/07/2012;1850.01;
5101;16/05/2019;45267.9;
5101;10/07/2017;1266.66;007759
5102;26/08/2020;5321;
5101;11/05/2016;46594.34;
5101;08/09/2017;17998.59;
5101;15/06/2018;1508.05;
5101;09/12/2016;39334.95;
5101;24/05/2016;5855.19;
5102;29/04/2020;1407.78;
5102;29/04/2020;1407.78;
5102;29/04/2020;1407.78;
5135;14/05/2018;15376.09;
5101;02/12/2011;161.71;
5109;04/03/2020;116000;008619
5101;11/06/2012;5184.55;
5101;21/11/2011;6363.04;
5102;26/08/2020;5321;
5101;19/08/2011;1480;
5101;11/03/2015;734;
5102;26/08/2020;5321;
5101;08/09/2017;17998.59;
5101;31/03/2014;790;
5101;11/03/2015;734;
5101;07/04/2017;2860;
5100;05/08/2019;1191.9;
5101;22/08/2014;3300;
5101;22/08/2014;3300;
5101;02/12/2011;161.71;
5109;04/03/2020;116000;
5102;14/08/2023;173;
5102;14/08/2023;173;
5101;30/05/2014;1990;
5102;18/03/2021;1832.33;
5101;08/09/2017;17998.59;
5101;16/03/2023;3247.21;040746
5102;29/04/2020;1407.78;
5100;24/04/2023;2650;
5101;05/04/2023;7319.2;040875
5101;09/02/2012;42621.2;041043
5101;08/04/2015;18631.82;
5101;12/05/2017;1403.15;
5101;21/11/2011;6363.04;
5101;12/05/2017;1403.15;
5101;12/05/2017;1403.15;040931
5101;01/11/2017;8106.45;
5109;30/05/2017;7239.78;
5101;03/05/2023;4000.15;041041
5101;03/05/2023;4000.15;041041
5102;03/05/2023;4797;040181
5102;04/05/2023;3045.88;040537
5102;22/05/2023;10648;039579
5101;11/03/2015;734;
5109;04/03/2020;116000;
5100;24/04/2023;2650;
5102;06/12/2019;391.43;
5101;14/06/2017;963.12;
5115;14/06/2023;63;041285
5101;15/01/2018;18200;
5116;17/10/2023;1613;
5102;31/01/2019;2352.15;
5101;13/06/2023;816.83;041262
5101;13/06/2023;816.83;041262
5101;13/06/2023;816.83;041262
5101;13/06/2023;816.83;041262
5101;14/06/2023;85.08;041485
5101;14/06/2023;85.08;041485
5101;20/06/2023;9010.52;041416
5101;20/06/2023;9010.52;041426
5102;29/04/2020;1407.78;041683
5102;29/04/2020;1407.78;041683
5102;29/04/2020;1407.78;041683
5102;29/04/2020;1407.78;041683
5102;29/04/2020;1407.78;041683
5101;03/05/2012;521.76;
5101;22/08/2014;3300;
5101;12/07/2023;25000;040435
5101;19/07/2023;17897.04;041821
5100;01/08/2023;2650;
5100;01/08/2023;2650;
5101;11/03/2015;734;
5101;11/06/2012;5184.55;
5102;14/08/2023;173;
5100;24/04/2023;2650;
5102;18/07/2022;183.76;
5100;30/08/2023;180000;
5101;08/08/2023;34471.19;041884
5102;14/08/2023;173;041572
5102;17/08/2023;26616.39;041742
5100;01/09/2023;2650;
5101;01/09/2023;7315.73;042177
5100;21/07/2011;210;042206
5102;26/08/2020;5321;
5101;10/12/2012;529.67;
5101;11/03/2015;734;
5101;11/03/2015;734;
5106;28/04/2025;0;
5101;21/11/2011;6363.04;
5100;26/09/2023;37661;
5106;21/02/2025;0;
5116;03/10/2023;1244;
5116;03/10/2023;1244;
5102;29/04/2020;1407.78;
5116;10/10/2023;1288;
5116;10/10/2023;1288;
5116;10/10/2023;1283;
5116;10/10/2023;1283;
5129;10/10/2023;1952.87;
5101;03/05/2012;521.76;
5116;17/10/2023;1153;
5116;17/10/2023;1613;
5116;17/10/2023;1564;
5116;17/10/2023;1564;
5116;17/10/2023;1491;
5116;18/10/2023;160;
5101;11/03/2015;734;
5101;11/03/2015;734;
5102;31/01/2019;2352.15;
5109;26/10/2023;68068.23;042429
5109;26/10/2023;68068.23;042429
5101;24/10/2023;95.06;041229
5101;24/10/2023;95.06;041229
5183;27/10/2023;43928.56;042603
5101;11/03/2015;734;
5102;26/08/2020;5321;
5116;28/11/2023;343;
5101;21/05/2014;57848.95;
5101;07/11/2023;330.74;042637
5102;22/11/2023;35900;042711
5101;23/11/2023;1785.48;042859
5100;21/10/2019;30000;
5101;08/09/2017;17998.59;
5101;09/02/2012;42621.2;
5109;04/03/2020;116000;
5100;21/07/2011;210;
5102;29/04/2020;1407.78;
5129;19/12/2023;5392.06;
5101;21/05/2014;57848.95;042720
5120;10/09/2020;1500;
5101;05/12/2023;5900;042718
5102;12/12/2023;8300;042362
5101;13/12/2023;2258.42;042734
5101;13/12/2023;2258.42;042734
5101;14/12/2023;8300;042146
5102;14/08/2023;173;
5100;05/01/2024;900;
5101;02/12/2011;161.71;
5106;11/01/2024;0;
5106;12/01/2024;0;
5106;12/01/2024;0;
5106;12/01/2024;0;
5102;26/08/2020;5321;
5106;18/01/2024;0;
5106;18/01/2024;0;
5106;18/01/2024;0;
5106;18/01/2024;0;
5101;21/11/2011;6363.04;
5116;23/01/2024;94;
5116;23/01/2024;94;
5106;25/01/2024;0;
5106;26/01/2024;0;
5102;26/06/2020;1510.61;
5102;17/01/2024;3942.62;043057
5101;24/01/2024;130000;042968
5102;30/01/2024;2214.72;042908
5100;29/02/2024;2500;
5101;08/09/2017;17998.59;
5106;05/02/2024;0;
5106;05/02/2024;0;
5102;26/08/2020;5321;
5106;15/02/2024;0;
5106;15/02/2024;0;
5106;15/02/2024;0;
5129;19/02/2024;472.56;
5106;23/02/2024;0;
5106;28/02/2024;0;
5106;28/02/2024;0;
5101;11/06/2012;5184.55;
5101;09/02/2024;5400;043341
5101;09/02/2024;5400;043341
5101;21/03/2024;86.26;043500
5101;21/03/2024;86.26;043500
5101;27/03/2024;3446.52;043502
5106;05/03/2024;0;
5120;19/12/2019;8765.32;
5106;06/03/2024;0;
5106;06/03/2024;0;
5106;06/03/2024;0;
5106;06/03/2024;0;
5106;06/03/2024;0;
5106;06/03/2024;0;
5101;11/03/2015;734;
5100;11/03/2024;5300;
5116;17/10/2023;1491;
5101;21/11/2011;6363.04;
5106;12/03/2024;0;
5106;12/03/2024;0;
5101;08/09/2017;17998.59;
5106;21/03/2024;0;
5106;21/03/2024;0;
5106;21/03/2024;0;
5106;21/03/2024;0;
5101;11/03/2015;734;
5100;25/03/2024;2500;
5102;29/04/2020;1407.78;
5106;27/03/2024;0;
5106;27/03/2024;0;
5106;27/03/2024;0;
5101;18/03/2024;6169.08;043550
5101;21/03/2024;86.26;043500
5101;21/03/2024;86.26;043500
5101;11/03/2015;734;
5106;04/04/2024;0;
5106;04/04/2024;0;
5106;04/04/2024;0;
5106;04/04/2024;0;
5106;04/04/2024;0;
5101;11/03/2015;734;
5106;10/04/2024;0;
5106;10/04/2024;0;
5102;29/04/2020;1407.78;
5100;21/07/2011;210;
5101;11/03/2015;734;
5101;11/03/2015;734;
5106;18/04/2024;0;
5106;18/04/2024;0;
5106;18/04/2024;0;
5101;11/03/2015;734;
5106;22/04/2024;0;
5106;23/04/2024;0;
5106;29/04/2024;0;
5106;29/04/2024;0;
5101;08/04/2024;21301.39;043767
5101;04/07/2012;1850.01;
5101;26/03/2012;2547.46;044206
5102;26/06/2020;1510.61;
5102;26/06/2020;1510.61;
5102;26/06/2020;1510.61;
5128;17/05/2021;3278.02;
5128;17/05/2021;3278.02;
5128;17/05/2021;3278.02;
5128;17/05/2021;3278.02;
5101;07/04/2015;954.41;016104
5101;08/07/2020;1407.58;032413
5102;26/08/2020;5321;
5102;26/06/2020;1510.61;
5102;26/06/2020;1510.61;
5102;26/06/2020;1510.61;
5102;26/06/2020;1510.61;
5102;26/06/2020;1510.61;
5102;26/06/2020;1510.61;
5102;26/06/2020;1510.61;
5102;26/06/2020;1510.61;
5101;14/06/2016;1451;019706
5101;19/08/2011;1480;
5101;15/01/2018;18200;
5101;15/01/2018;18200;
5100;14/10/2014;4500;
5100;14/10/2014;4500;
5100;14/10/2014;4500;
5100;05/01/2021;1200;
5101;21/11/2013;4156;010492
5101;04/09/2014;22295;014243
5101;15/01/2018;18200;
5101;15/01/2018;18200;
5101;01/11/2016;39334.95;021016
5101;28/11/2014;66.28;015183
5101;28/11/2014;132.56;015184
5135;02/12/2014;8759.54;015203
5135;02/12/2014;8759.54;015203
5135;02/12/2014;8759.54;015203
5135;02/12/2014;8759.54;015203
5135;10/12/2014;8759.54;015233
5135;10/12/2014;8759.54;015233
5135;10/12/2014;8759.54;015233
5135;10/12/2014;8759.54;015233
5135;10/12/2014;4307.92;015232
5135;10/12/2014;4307.92;015232
5135;10/12/2014;4307.92;015232
5101;16/12/2014;26.09;015296
5101;02/12/2011;161.71;
5101;06/01/2015;3447.57;015477
5101;06/01/2015;3447.57;015477
5101;06/01/2015;3447.57;015477
5101;06/01/2015;3447.57;015477
5101;06/01/2015;3447.57;015477
5115;28/01/2015;16000;015628
5101;22/04/2015;1215.63;016054
5101;23/04/2015;770.63;016337
5101;25/05/2015;3436.56;016000
5101;26/05/2015;179.95;016317
5101;26/05/2015;179.95;016317
5101;03/06/2015;10751.94;016542
5101;09/06/2015;3460;016546
5101;15/06/2015;9350.47;016674
5101;15/06/2015;9350.47;016674
5101;15/06/2015;9350.47;016674
5101;15/06/2015;9350.47;016674
5101;16/06/2015;1096.43;016584
5101;16/09/2015;34360;017305
5101;30/06/2015;9006.65;016659
5101;30/06/2015;9006.65;016659
5101;30/06/2015;9006.65;016659
5101;30/06/2015;9006.65;016659
5101;30/06/2015;9006.65;016659
5101;17/07/2015;4331.23;017028
5101;17/07/2015;4331.23;017028
5101;17/07/2015;4331.23;017028
5101;22/07/2015;15078.52;017082
5101;22/07/2015;15078.52;017082
5101;04/08/2015;92266.16;017279
5101;04/08/2015;92266.16;017279
5101;04/08/2015;92266.16;017279
5101;04/08/2015;92266.16;017279
5101;04/08/2015;92266.16;017279
5101;04/08/2015;92266.16;017279
5101;04/08/2015;92266.16;017279
5101;04/08/2015;92266.16;017279
5101;04/08/2015;92266.16;017279
5101;04/08/2015;92266.16;017279
5101;24/08/2015;3116.5;017415
5101;24/08/2015;360.9;017413
5101;16/10/2015;9006.65;017791
5101;16/10/2015;9006.65;017791
5101;16/10/2015;9006.65;017791
5101;16/10/2015;9006.65;017791
5101;16/10/2015;9006.65;017791
5101;26/10/2015;1215.63;016390
5101;26/10/2015;89.49;017797
5101;15/12/2015;152.17;018378
5101;18/12/2015;316578.84;018447
5101;18/12/2015;316578.84;018447
5101;23/12/2015;1027.85;018466
5101;04/01/2016;81813.55;018508
5101;26/01/2016;94990;018515
5101;26/01/2016;94990;018515
5101;03/02/2016;81813.55;018548
5101;03/03/2016;2228.5;018641
5101;09/02/2012;42621.2;
5101;07/04/2016;14036.29;019169
5101;07/04/2016;14036.29;019169
5101;07/04/2016;14036.29;019169
5101;07/04/2016;14036.29;019169
5101;07/04/2016;14036.29;019169
5115;20/04/2016;2000;
5101;05/05/2016;20030.7;019481
5101;05/05/2016;20030.7;019481
5101;05/05/2016;20030.7;019481
5101;05/05/2016;20030.7;019481
5101;05/05/2016;20030.7;019481
5101;05/05/2016;20030.7;019481
5101;23/05/2016;90;019269
5101;23/05/2016;1805.08;019164
5101;22/06/2016;351881.58;019879
5101;22/06/2016;351881.58;019879
5101;22/06/2016;814.06;019883
5101;23/06/2016;327.99;019851
5101;07/07/2016;5794.4;019776
5101;18/07/2016;23400;019824
5101;18/07/2016;23400;019824
5101;28/07/2016;13054.74;020024
5101;28/07/2016;13054.74;020024
5101;28/07/2016;13054.74;020024
5101;28/07/2016;13054.74;020024
5101;28/07/2016;13054.74;020024
5101;28/07/2016;13054.74;020024
5101;28/07/2016;13054.74;020024
5101;28/07/2016;13054.74;020024
5101;28/07/2016;13054.74;020024
5101;21/11/2011;6363.04;
5101;24/07/2013;2199;009353
5101;21/09/2015;1200.04;017346
5100;25/10/2013;1006.24;
5101;16/01/2013;69000;007936
5101;11/03/2015;734;
5101;11/03/2015;734;
5101;11/03/2015;734;
5101;02/12/2011;161.71;
5101;02/12/2011;161.71;
5101;29/05/2013;8074.98;007375
5101;08/05/2013;495.86;008937
5101;23/04/2013;45560;008952
5101;03/04/2013;2394;008425
5106;07/05/2024;0;
5106;07/05/2024;0;
5101;12/05/2017;1403.15;043845
5102;26/08/2020;5321;044038
5106;17/05/2024;0;
5106;17/05/2024;0;
5106;17/05/2024;0;
5106;17/05/2024;0;
5106;17/05/2024;0;
5102;29/04/2020;1407.78;
5106;21/05/2024;0;
5106;21/05/2024;0;
5129;23/05/2024;14770.46;
5100;05/01/2021;1200;
5102;29/04/2020;1407.78;
5106;27/05/2024;0;
5102;29/04/2020;1407.78;
5102;07/02/2019;1882.08;
5101;13/05/2024;7950.55;044156
5101;13/05/2024;7950.55;044156
5101;13/05/2024;7950.55;044156
5101;13/05/2024;7950.55;044156
5101;13/05/2024;7950.55;044156
5101;13/05/2024;7950.55;044156
5102;13/05/2024;8681.72;041433
5102;13/05/2024;8681.72;041433
5102;13/05/2024;8681.72;041433
5102;22/11/2023;35900;
5102;22/05/2024;679.3;044071
5102;22/04/2019;2245.29;
5106;04/06/2024;0;
5106;04/06/2024;0;
5106;04/06/2024;0;
5106;04/06/2024;0;
5106;04/06/2024;0;
5106;04/06/2024;0;
5106;04/06/2024;0;
5106;04/06/2024;0;
5102;31/01/2019;2352.15;
5100;21/07/2011;210;044037
5100;21/07/2011;210;044037
5100;21/07/2011;210;044037
5100;21/07/2011;210;044037
5100;21/07/2011;210;044037
5102;29/04/2020;1407.78;
5106;12/06/2024;0;
5106;12/06/2024;0;
5106;18/06/2024;0;
5106;20/06/2024;0;
5106;20/06/2024;0;
5106;20/06/2024;0;
5106;20/06/2024;0;
5106;20/06/2024;0;
5101;09/02/2012;42621.2;044353
5101;21/05/2014;57848.95;
5106;28/06/2024;0;
5106;28/06/2024;0;
5106;28/06/2024;0;
5102;12/06/2024;3349.95;042833
5102;12/06/2024;1200;042847
5101;12/05/2017;1403.15;
5101;18/06/2024;1754.73;044473
5101;18/06/2024;38703;044466
5101;18/06/2024;1098.52;044465
5101;20/06/2024;1471.69;044267
5101;24/06/2024;2622.54;043793
5101;24/06/2024;2622.54;043793
5101;27/11/2012;849.57;007461
5101;27/11/2012;849.57;007461
5101;05/06/2012;3160;004109
5101;09/05/2012;519.58;004496
5101;09/05/2012;519.58;004496
5101;12/06/2012;4173.01;005642
5101;09/05/2012;519.58;004496
5101;09/05/2012;519.58;004496
5101;13/04/2012;3661.71;005233
5101;13/04/2012;3661.71;005233
5101;12/06/2012;4173.01;005642
5101;19/03/2012;6701.29;004991
5101;22/05/2012;6800;005566
5101;15/03/2012;2276.82;004508
5101;15/03/2012;6830.46;004781
5101;07/03/2012;27163.74;004710
5101;07/03/2012;27163.74;004710
5101;07/03/2012;27163.74;004710
5101;07/03/2012;27163.74;004710
5101;07/03/2012;27163.74;004710
5101;07/03/2012;27163.74;004710
5101;07/03/2012;27163.74;004710
5101;07/03/2012;27163.74;004710
5101;07/03/2012;27163.74;004710
5101;21/11/2011;25409.72;002824
5101;21/11/2011;25409.72;002824
5101;21/11/2011;25409.72;002824
5101;21/11/2011;25409.72;002824
5101;09/02/2012;42621.2;
5101;20/12/2012;201.96;007863
5101;19/10/2011;519.58;003179
5101;19/10/2011;519.58;003179
5101;18/10/2011;1041.76;002681
5101;19/10/2011;519.58;003179
5101;19/10/2011;519.58;003179
5101;21/11/2011;6363.04;001443
5101;08/07/2011;4419.28;001842
5101;08/07/2011;4419.28;001842
5101;08/07/2011;4419.28;001842
5101;08/07/2011;4419.28;001842
5101;08/07/2011;4419.28;001842
5101;07/06/2017;1060.01;022409
5101;12/05/2017;1403.15;
5101;01/06/2017;3654;022517
5101;14/06/2017;963.12;022680
5101;21/11/2011;6363.04;
5101;02/12/2011;161.71;
5101;10/07/2017;1266.66;023126
5101;17/07/2017;2727.8;023238
5116;10/10/2023;1288;
5100;14/10/2014;4500;
5100;14/10/2014;4500;
5100;14/10/2014;4500;
5100;14/10/2014;4500;
5100;14/10/2014;4500;
5100;14/10/2014;4500;
5101;04/08/2017;17946;023222
5101;04/08/2017;17946;023222
5102;04/05/2023;3045.88;
5101;16/08/2017;260000;023273
5101;18/08/2017;8715.92;023544
5101;18/08/2017;8715.92;023544
5101;18/08/2017;8715.92;023544
5101;24/08/2017;5226.17;023612
5101;09/02/2012;42621.2;
5102;26/08/2020;5321;
5101;12/05/2017;1403.15;
5106;28/04/2025;0;
5101;21/11/2011;6363.04;
5109;04/03/2020;116000;
5101;04/07/2012;1850.01;
5101;02/12/2011;161.71;
5101;11/03/2015;734;
5102;26/08/2020;5321;
5101;21/11/2011;6363.04;
5102;20/01/2022;1729.47;
5101;21/11/2011;6363.04;
5102;26/08/2020;5321;
5101;14/06/2017;963.12;
5101;17/06/2015;772.06;
5101;17/06/2015;772.06;
5101;11/03/2015;734;
5101;11/03/2015;734;
5101;11/03/2015;734;
5101;11/03/2015;734;
5101;14/06/2017;963.12;
5115;21/02/2014;5800;
5101;24/02/2014;1453.6;003529
5100;21/07/2011;210;
5101;11/03/2015;734;
5102;29/04/2020;1407.78;
5102;27/07/2022;45.94;
5101;11/03/2015;734;
5101;11/03/2015;734;
5101;21/05/2014;57848.95;
5101;10/08/2022;653.36;
5101;10/08/2022;653.36;
5101;10/08/2022;653.36;
5102;29/04/2020;1407.78;
5102;22/05/2023;10648;
5102;18/02/2019;3678.26;
5100;21/10/2019;30000;
5101;11/06/2012;5184.55;
5102;14/08/2023;173;
5101;22/02/2022;6593.29;012053
5101;21/05/2014;57848.95;
5101;21/02/2022;11528.38;011678
5101;30/10/2017;311;024170
5101;21/11/2011;6363.04;
5101;21/02/2022;11528.38;011678
5102;26/08/2021;2950;
5101;11/03/2015;734;
5109;04/03/2020;116000;
5101;21/02/2022;11528.38;011678
5100;21/10/2019;30000;
5101;11/06/2012;5184.55;
5149;10/04/2015;0;
5101;22/02/2022;6593.29;012053
5101;22/02/2022;6593.29;012053
5101;21/02/2022;11528.38;011678
5101;21/02/2022;11528.38;011678
5101;21/02/2022;11528.38;011678
5128;21/09/2021;14990.39;
5102;27/07/2022;45.94;
5102;18/07/2022;183.76;
5101;11/06/2012;5184.55;
5101;21/02/2022;11528.38;011678
5101;14/12/2017;619.04;024558
5101;14/12/2017;619.04;024558
5101;14/12/2017;619.04;024558
5101;02/12/2011;161.71;
5102;29/04/2020;1407.78;
5101;05/08/2019;700.69;010171
5100;21/07/2011;210;
5101;09/10/2019;2784;
5101;09/10/2019;2784;
5101;09/10/2019;2784;
5101;09/10/2019;2784;
5101;09/10/2019;2784;
5101;09/10/2019;2784;
5100;21/10/2019;30000;
5100;21/07/2011;210;
5101;29/07/2020;12890.66;
5101;22/04/2020;9608.15;010676
5101;22/04/2020;9608.15;010676
5101;22/04/2020;9608.15;010676
5101;11/03/2015;734;008828
5101;11/03/2015;734;008828
5197;09/05/2019;62.85;
5102;31/01/2019;2352.15;
5101;31/03/2014;790;
5101;15/01/2018;18200;
5101;15/12/2011;691.53;
5101;15/12/2011;691.53;
5101;19/12/2011;30.71;010120
5101;15/12/2011;691.53;
5101;15/12/2011;691.53;
5101;15/12/2011;691.53;
5101;21/11/2011;6363.04;
5101;19/12/2011;30.71;010120
5101;19/12/2011;30.71;010120
5101;11/03/2015;734;012394
5102;29/04/2020;1407.78;
5101;12/06/2012;4173.01;
5101;20/12/2012;201.96;
5101;09/02/2012;42621.2;
5101;20/12/2012;201.96;
5101;21/01/2013;258.06;
5102;26/08/2020;5321;
5102;05/11/2025;484261.49;
5101;21/11/2011;6363.04;
5101;28/08/2014;5602.1;
5101;28/08/2014;5602.1;
5101;28/08/2014;5602.1;
5101;28/08/2014;5602.1;
5101;28/08/2014;5602.1;
5101;28/08/2014;5602.1;
5101;28/08/2014;5602.1;
5101;28/08/2014;5602.1;
5101;28/08/2014;5602.1;
5101;28/08/2014;5602.1;
5101;28/08/2014;5602.1;
5101;28/08/2014;5602.1;
5101;28/08/2014;5602.1;
5101;19/08/2011;1480;
5101;23/11/2011;409.5;
5101;23/11/2011;409.5;
5101;23/11/2011;409.5;
5101;17/08/2015;431737.77;
5101;17/08/2015;431737.77;
5101;17/08/2015;431737.77;
5101;17/08/2015;431737.77;
5101;17/08/2015;431737.77;
5101;21/11/2011;6363.04;
5101;25/05/2015;3436.56;
5101;25/05/2015;3436.56;
5101;25/05/2015;3436.56;
5101;25/05/2015;3436.56;
5102;29/04/2020;1407.78;
5101;25/05/2015;3436.56;
5101;25/05/2015;3436.56;
5101;25/05/2015;3436.56;
5101;25/05/2015;3436.56;
5101;25/05/2015;3436.56;
5101;25/05/2015;3436.56;
5101;25/05/2015;3436.56;
5101;25/05/2015;3436.56;
5101;25/05/2015;3436.56;
5101;25/05/2015;3436.56;
5101;25/05/2015;3436.56;
5101;25/05/2015;3436.56;
5101;25/05/2015;3436.56;
5101;25/05/2015;3436.56;
5101;25/05/2015;3436.56;
5101;25/05/2015;3436.56;
5109;04/03/2020;116000;
5101;11/01/2018;8090;024675
5101;11/01/2018;8090;024675
5101;11/01/2018;8090;024675
5101;11/06/2012;5184.55;
5101;15/01/2018;18200;021963
5101;11/05/2016;46594.34;
5101;07/07/2016;5794.4;
5149;10/04/2015;0;
5101;21/05/2014;57848.95;
5116;10/10/2023;1283;
5116;10/10/2023;1283;
5109;04/03/2020;116000;
5101;02/12/2011;161.71;
5101;11/03/2015;734;
5101;02/12/2011;161.71;
5120;19/12/2019;1080.28;
5102;18/07/2022;183.76;
5101;11/06/2012;5184.55;
5101;21/11/2011;6363.04;
5101;08/09/2017;17998.59;
5102;26/08/2021;2950;
5100;21/10/2019;30000;
5101;25/07/2011;8500.86;002010
5101;25/07/2011;8500.86;002010
5101;11/03/2015;734;
5101;10/08/2011;33276.72;002434
5101;10/08/2011;33276.72;002434
5101;10/08/2011;33276.72;002434
5101;18/10/2011;14.96;003191
5101;18/10/2011;14.96;003191
5101;23/08/2011;3671.99;002679
5101;12/05/2017;1403.15;
5135;16/02/2018;4617.67;024906
5135;16/02/2018;4617.67;024906
5135;16/02/2018;4617.67;024906
5101;21/11/2011;25409.72;002824
5101;19/12/2011;30.71;003753
5101;02/03/2012;32115;003666
5101;22/02/2012;41847;004555
5101;22/02/2012;41847;004555
5101;02/03/2012;32115;003666
5101;01/03/2012;1348.3;003290
5101;01/03/2012;1348.3;003290
5101;06/03/2012;22550.53;004704
5101;06/03/2012;22550.53;004704
5101;06/03/2012;22550.53;004704
5101;06/03/2012;22550.53;004704
5101;06/03/2012;22550.53;004704
5101;06/03/2012;22550.53;004704
5101;06/03/2012;22550.53;004704
5101;06/03/2012;22550.53;004704
5101;06/03/2012;22550.53;004704
5101;06/03/2012;22550.53;004704
5101;12/07/2012;73.71;005857
5101;03/08/2012;7500;006306
5101;01/10/2012;1092;006792
5101;05/11/2012;4740;007288
5101;29/10/2012;83751.96;006944
5101;08/10/2012;12000;006958
5101;07/12/2012;9018.07;007692
5101;07/12/2012;9018.07;007692
5101;07/12/2012;9018.07;007692
5101;07/12/2012;9018.07;007692
5101;07/12/2012;9018.07;007692
5101;07/12/2012;9018.07;007692
5101;07/12/2012;9018.07;007692
5101;22/04/2020;9608.15;010676
5115;24/02/2014;17230;011606
5101;30/01/2013;5400;008046
5115;24/02/2014;17230;011606
5115;21/02/2014;5800;011992
5101;31/03/2014;790;
5101;08/03/2013;323.4;008365
5101;21/03/2013;120100.86;008569
5101;24/06/2013;6052.83;009322
5101;24/06/2013;6052.83;009322
5101;24/06/2013;6052.83;009322
5101;24/06/2013;6052.83;009322
5101;24/06/2013;6052.83;009322
5101;24/06/2013;6052.83;009322
5101;24/06/2013;6052.83;009322
5101;24/06/2013;6052.83;009322
5101;24/06/2013;6052.83;009322
5101;24/06/2013;6052.83;009322
5101;24/06/2013;6052.83;009322
5101;24/06/2013;6052.83;009322
5101;24/06/2013;6052.83;009322
5101;24/06/2013;6052.83;009322
5101;24/06/2013;6052.83;009322
5101;24/06/2013;6052.83;009322
5101;24/06/2013;6052.83;009322
5101;24/06/2013;6052.83;009322
5101;24/06/2013;6052.83;009322
5101;24/06/2013;6052.83;009322
5101;24/06/2013;6052.83;009322
5101;24/06/2013;6052.83;009322
5101;24/06/2013;6052.83;009322
5101;24/06/2013;6052.83;009322
5101;24/06/2013;6052.83;009322
5101;24/06/2013;6052.83;009322
5101;24/06/2013;6052.83;009322
5101;24/06/2013;6052.83;009322
5101;24/06/2013;4896.16;009325
5101;24/06/2013;4896.16;009325
5101;24/06/2013;4896.16;009325
5101;24/06/2013;5355.4;009321
5101;24/06/2013;4896.16;009325
5101;24/06/2013;4896.16;009325
5101;24/06/2013;4896.16;009325
5101;24/06/2013;4896.16;009325
5101;24/06/2013;4896.16;009325
5101;24/06/2013;4896.16;009325
5101;24/06/2013;5355.4;009321
5101;24/06/2013;4896.16;009325
5101;24/06/2013;5355.4;009321
5101;24/06/2013;4896.16;009325
5101;24/06/2013;4896.16;009325
5101;24/06/2013;5355.4;009321
5101;24/06/2013;5355.4;009321
5101;24/06/2013;5355.4;009321
5101;24/06/2013;5355.4;009321
5101;24/06/2013;5355.4;009321
5101;24/06/2013;5355.4;009321
5101;24/06/2013;5355.4;009321
5101;24/06/2013;5355.4;009321
5101;24/06/2013;5355.4;009321
5101;24/06/2013;5355.4;009321
5101;24/06/2013;5355.4;009321
5101;24/06/2013;5355.4;009321
5101;24/06/2013;5355.4;009321
5101;24/06/2013;5355.4;009321
5101;24/06/2013;5355.4;009321
5101;24/06/2013;5355.4;009321
5101;24/06/2013;5355.4;009321
5101;12/06/2013;467.07;009565
5101;19/06/2013;602;009426
5101;08/07/2013;5449.05;009767
5101;07/08/2013;3000.77;009815
5102;26/08/2020;5321;
5101;08/08/2013;7347.14;010088
5101;08/08/2013;7347.14;010088
5101;08/08/2013;7347.14;010088
5101;08/08/2013;7347.14;010088
5101;14/08/2013;229.5;009729
5101;07/08/2013;3000.77;009815
5101;07/08/2013;14000;010135
5101;08/08/2013;7347.14;010088
5101;08/08/2013;7347.14;010088
5101;07/08/2013;3000.77;009815
5101;07/08/2013;3000.77;009815
5101;07/08/2013;3000.77;009815
5101;13/08/2013;229.5;009729
5101;06/09/2013;67.28;003283
5101;05/09/2013;658.9;010305
5101;21/10/2013;111.42;010126
5101;13/11/2013;3520.91;010898
5101;11/11/2013;342474.4;011056
5101;11/03/2015;734;
5101;20/12/2013;3790;011489
5101;20/12/2013;3790;011489
5101;20/12/2013;3790;011489
5101;20/01/2014;238.54;011764
5101;30/09/2014;1862.56;014590
5101;30/09/2014;10909.5;014540
5101;19/02/2013;6551.74;008350
5101;30/09/2014;1862.56;014590
5101;12/03/2014;20938.94;012323
5101;12/03/2014;3868.51;012213
5101;12/03/2014;3868.51;012213
5101;30/09/2014;1862.56;014590
5101;30/09/2014;1862.56;014590
5101;07/04/2017;2860;
5183;27/10/2023;43928.56;
5101;14/03/2018;998.42;024711
5101;31/07/2014;115166.56;013834
5101;31/07/2014;115166.56;013834
5101;31/07/2014;115166.56;013834
5101;31/07/2014;115166.56;013834
5101;31/07/2014;115166.56;013834
5101;31/07/2014;115166.56;013834
5101;31/07/2014;115166.56;013834
5101;31/07/2014;115166.56;013834
5101;31/07/2014;115166.56;013834
5101;31/07/2014;115166.56;013834
5101;31/07/2014;115166.56;013834
5101;31/07/2014;115166.56;013834
5101;31/07/2014;115166.56;013834
5101;31/07/2014;115166.56;013834
5101;31/07/2014;115166.56;013834
5101;31/07/2014;166375.3;013833
5101;31/07/2014;166375.3;013833
5101;31/07/2014;166375.3;013833
5101;31/07/2014;166375.3;013833
5101;31/07/2014;166375.3;013833
5101;07/07/2014;37750.67;013485
5101;07/07/2014;37750.67;013485
5101;10/07/2014;225;013234
5101;02/07/2014;1040;013215
5101;07/07/2014;37750.67;013485
5101;27/08/2014;11892.38;014036
5101;27/08/2014;11892.38;014036
5101;27/08/2014;11892.38;014036
5101;27/08/2014;11892.38;014036
5101;27/08/2014;11892.38;014036
5101;27/08/2014;11892.38;014036
5101;27/08/2014;11892.38;014036
5101;27/08/2014;11892.38;014036
5101;27/08/2014;11892.38;014036
5101;27/08/2014;11892.38;014036
5102;29/04/2020;1407.78;
5101;17/05/2013;693.98;
5101;03/04/2018;324.44;025293
5101;13/04/2018;146530.3;025497
5101;26/04/2018;4584.3;025490
5102;29/04/2020;1407.78;
5101;29/08/2014;5694.15;014073
5101;09/09/2014;4277.35;013866
5101;09/09/2014;4277.35;013866
5101;09/09/2014;4277.35;013866
5101;09/09/2014;4277.35;013866
5101;09/09/2014;4277.35;013866
5101;09/09/2014;4277.35;013866
5101;09/09/2014;4277.35;013866
5101;09/09/2014;4277.35;013866
5101;09/09/2014;4277.35;013866
5101;09/09/2014;4277.35;013866
5101;09/09/2014;4277.35;013866
5101;09/09/2014;4277.35;013866
5101;09/09/2014;4277.35;013866
5101;09/09/2014;4277.35;013866
5101;09/09/2014;4277.35;013866
5101;09/09/2014;4277.35;013866
5101;09/09/2014;4277.35;013866
5101;09/09/2014;4277.35;013866
5101;09/09/2014;4277.35;013866
5101;09/09/2014;4277.35;013866
5101;09/09/2014;4277.35;013866
5101;08/09/2014;150.36;013847
5120;19/12/2019;8765.32;
5101;31/03/2014;790;
5135;14/05/2018;15376.09;025445
5101;17/05/2018;2040;025698
5101;01/09/2014;11730.01;014094
5101;01/09/2014;11730.01;014094
5101;01/09/2014;11730.01;014094
5101;04/11/2014;118.81;014773
5101;04/11/2014;118.81;014773
5101;31/03/2014;790;
5102;26/08/2020;5321;
5102;29/04/2020;1407.78;
5101;11/03/2015;734;
5101;14/06/2017;963.12;025680
5102;29/04/2020;1407.78;
5101;15/06/2018;1508.13;026015
5101;15/06/2018;1508.13;026015
5101;15/06/2018;1508.05;026017
5101;15/06/2018;1508.05;026017
5101;15/06/2018;1490.88;026014
5100;14/08/2020;1500;
5100;14/08/2020;1500;
5100;14/08/2020;1500;
5100;14/08/2020;1500;
5100;14/08/2020;1500;
5100;14/08/2020;1500;
5100;14/08/2020;1500;
5100;14/08/2020;1500;
5100;14/08/2020;1500;
5100;14/08/2020;1500;
5101;23/08/2016;926.68;020430
5101;31/08/2016;324.28;020419
5101;31/08/2016;324.28;020419
5101;31/08/2016;324.28;020419
5101;31/08/2016;324.28;020419
5100;26/08/2019;1191.9;
5102;26/08/2020;5321;
5101;15/01/2018;18200;
5106;11/07/2024;0;
5106;18/07/2024;0;
5106;18/07/2024;0;
5106;18/07/2024;0;
5102;29/04/2020;1407.78;044627
5101;11/06/2012;5184.55;
5106;23/07/2024;0;
5120;23/07/2024;6000;044423
5120;23/07/2024;6000;044423
5106;25/07/2024;0;
5102;26/08/2020;5321;
5101;23/11/2011;409.5;
5100;29/07/2024;2500;
5106;30/07/2024;0;
5106;31/07/2024;0;
5102;14/08/2023;173;
5101;10/07/2024;24497.08;044585
5101;10/07/2024;24497.08;044585
5101;10/07/2024;24497.08;044585
5101;10/07/2024;24497.08;044585
5101;10/07/2024;24497.08;044585
5101;10/07/2024;24497.08;044585
5101;10/07/2024;24497.08;044585
5101;10/07/2024;24497.08;044585
5102;12/07/2024;11041.67;043143
5102;29/04/2020;1407.78;
5101;10/12/2012;529.67;
5101;03/05/2012;521.76;
5101;20/09/2016;909.44;020290
5101;20/09/2016;909.44;020290
5101;20/09/2016;909.44;020290
5101;20/09/2016;909.44;020290
5101;31/10/2016;13916.88;020931
5101;31/10/2016;13916.88;020931
5101;06/10/2016;14660;020161
5101;17/05/2013;693.98;
5101;31/10/2016;13916.88;020931
5101;31/10/2016;13916.88;020931
5101;21/05/2014;57848.95;
5101;08/09/2017;17998.59;
5101;04/11/2016;3100.26;021007
5101;04/11/2016;1300000;021109
5101;04/11/2016;39334.95;021107
5101;17/11/2016;1697.85;020959
5101;30/11/2016;39334.95;021127
5102;18/07/2022;183.76;
5101;11/03/2015;734;021235
5101;17/05/2013;693.98;
5101;16/12/2016;60.77;020979
5101;21/12/2016;54050;021418
5101;21/12/2016;54050;021418
5101;17/05/2013;693.98;
5101;21/11/2011;6363.04;
5101;10/02/2017;1300.47;020981
5101;10/02/2017;1300.47;020981
5101;10/02/2017;1300.47;020981
5101;10/02/2017;1300.47;020981
5101;10/02/2017;1300.47;020981
5100;21/07/2011;210;021998
5100;21/07/2011;210;021998
5100;21/07/2011;210;021998
5100;21/07/2011;210;021998
5100;21/07/2011;210;
5101;10/12/2012;529.67;
5101;09/02/2012;42621.2;
5106;16/01/2025;0;
5101;10/12/2012;529.67;
5101;10/12/2012;529.67;
5101;07/04/2017;2860;022286
5101;21/05/2014;57848.95;
5101;26/04/2017;2914.45;022491
5101;27/04/2017;18360.69;022462
5101;27/04/2017;18360.69;022462
5101;27/04/2017;18360.69;022462
5101;27/04/2017;18360.69;022462
5101;27/04/2017;18360.69;022462
5109;04/03/2020;116000;
5101;12/05/2017;6700;022685
5109;04/03/2020;116000;
5116;03/10/2023;1244;
5116;03/10/2023;1244;
5116;03/10/2023;1244;
5116;03/10/2023;1244;
5116;03/10/2023;1244;
5116;03/10/2023;1244;
5116;03/10/2023;1244;
5116;03/10/2023;1244;
5116;03/10/2023;1244;
5116;03/10/2023;1244;
5116;03/10/2023;1244;
5101;09/05/2017;3998;022184
5101;26/05/2017;12035.55;022777
5101;26/05/2017;12035.55;022777
5101;26/05/2017;12035.55;022777
5101;26/05/2017;12035.55;022777
5101;26/05/2017;12035.55;022777
5101;31/05/2017;555922.51;022750
5101;31/05/2017;555922.51;022750
5101;31/05/2017;555922.51;022750
5101;31/05/2017;555922.51;022750
5101;31/05/2017;555922.51;022750
5101;31/05/2017;555922.51;022750
5101;31/05/2017;555922.51;022750
5101;31/05/2017;555922.51;022750
5101;31/05/2017;555922.51;022750
5101;31/05/2017;555922.51;022750
5101;31/05/2017;555922.51;022750
5101;12/05/2017;1403.15;
5101;10/12/2012;529.67;
5101;10/12/2012;529.67;
5101;10/12/2012;529.67;
5101;10/12/2012;529.67;
5100;21/07/2011;210;
5100;21/07/2011;210;
5100;21/07/2011;210;
5100;21/07/2011;210;
5100;21/07/2011;210;
5100;07/08/2025;2650;
5102;22/04/2019;2245.29;
5102;22/04/2019;2245.29;
5135;04/07/2018;177906.96;026178
5135;04/07/2018;177906.96;026178
5101;09/02/2012;42621.2;
5102;29/04/2020;1407.78;
5101;17/07/2018;22840;026117
5101;17/07/2018;22840;026117
5102;22/04/2019;2245.29;
5102;22/04/2019;2245.29;
5102;22/04/2019;2245.29;
5102;22/04/2019;2245.29;
5101;26/07/2018;100.32;026224
5100;10/08/2018;2400;
5100;10/08/2018;2400;
5116;23/01/2024;94;
5101;07/08/2018;2012.5;026540
5101;28/08/2018;4400.57;026383
5101;31/08/2018;124006;026731
5100;30/08/2023;180000;
5101;30/05/2014;1990;
5101;21/11/2011;6363.04;
5149;02/08/2011;0;
5149;08/09/2011;0;
5101;21/11/2011;6363.04;
5101;17/09/2018;12074.17;026944
5101;17/09/2018;12074.17;026944
5101;17/09/2018;12074.17;026944
5101;17/09/2018;12074.17;026944
5101;17/09/2018;12074.17;026944
5101;17/09/2018;12074.17;026944
5101;17/09/2018;12074.17;026944
5101;17/09/2018;12074.17;026944
5101;17/09/2018;12074.17;026944
5101;17/09/2018;12074.17;026944
5101;17/09/2018;12074.17;026944
5101;17/09/2018;1532.8;026940
5101;17/09/2018;1532.8;026940
5101;17/09/2018;1532.8;026940
5101;17/09/2018;1532.8;026940
5101;17/09/2018;1532.8;026940
5101;17/09/2018;1532.8;026940
5101;17/09/2018;1532.8;026940
5101;17/09/2018;1532.8;026940
5101;17/09/2018;1532.8;026940
5101;17/09/2018;5360.52;026942
5101;17/09/2018;5360.52;026942
5101;17/09/2018;5360.52;026942
5101;17/09/2018;5360.52;026942
5101;17/09/2018;5360.52;026942
5101;17/09/2018;5360.52;026942
5101;17/09/2018;5360.52;026942
5101;17/09/2018;5360.52;026942
5101;17/09/2018;5360.52;026942
5101;24/09/2018;2931.04;026976
5101;24/09/2018;2931.04;026976
5101;24/09/2018;2931.04;026976
5101;28/09/2018;1265.57;027038
5101;28/09/2018;1265.57;027038
5101;14/06/2017;963.12;
5102;18/07/2022;183.76;
5197;24/10/2018;26240.76;
5197;24/10/2018;22328.55;
5101;23/10/2018;23910.06;027249
5101;23/10/2018;23910.06;027249
5101;23/10/2018;23910.06;027249
5101;23/10/2018;23910.06;027249
5101;23/10/2018;23910.06;027249
5101;23/10/2018;23910.06;027249
5101;23/10/2018;23910.06;027249
5101;23/10/2018;23910.06;027249
5101;23/10/2018;23910.06;027249
5101;23/10/2018;23910.06;027249
5101;23/10/2018;23910.06;027249
5101;23/10/2018;23910.06;027249
5101;11/03/2015;734;
5101;11/03/2015;734;
5101;11/03/2015;734;
5101;11/03/2015;734;
5149;17/10/2011;0;
5149;28/10/2011;0;
5101;31/03/2014;790;
5101;10/12/2012;529.67;
5197;18/12/2018;30000;
5101;21/11/2011;6363.04;
5101;17/12/2018;3515.47;027831
5101;17/12/2018;3515.47;027831
5101;17/12/2018;3515.47;027831
5101;19/12/2018;255653.28;027670
5109;04/03/2020;116000;
5197;28/01/2019;162.31;
5149;29/11/2011;0;
5149;09/12/2011;0;
5149;09/12/2011;0;
5149;12/12/2011;0;
5100;28/07/2014;2000;013406
5149;28/12/2011;0;
5197;03/11/2021;18.24;
5149;02/02/2012;0;
5149;17/02/2012;0;
5149;22/02/2012;0;
5149;26/03/2012;0;
5101;03/05/2012;521.76;
5101;03/05/2012;521.76;005445
5149;12/06/2012;0;
5149;14/08/2012;0;
5149;11/09/2012;0;
5149;13/09/2012;0;
5149;03/10/2012;0;
5149;01/02/2013;0;
5149;14/03/2013;0;
5149;24/05/2013;0;
5149;07/08/2013;0;
5149;18/07/2014;0;
5100;19/09/2022;33000;
5100;19/09/2022;33000;
5149;08/10/2015;0;
5149;20/10/2015;0;
5106;28/02/2024;0;
5101;31/08/2011;2191.83;000488
5109;04/03/2020;116000;
5109;04/03/2020;116000;
5109;04/03/2020;116000;
5109;04/03/2020;116000;
5109;04/03/2020;116000;
5102;18/02/2019;3678.26;
5120;19/12/2019;1080.28;
5102;29/04/2020;1407.78;
5102;29/04/2020;1407.78;
5102;29/04/2020;1407.78;
5102;29/04/2020;1407.78;
5101;15/01/2018;18200;
5101;02/12/2011;161.71;
5101;02/12/2011;161.71;
5101;02/12/2011;161.71;
5102;26/08/2020;5321;
5102;26/08/2020;5321;
5102;26/08/2020;5321;
5102;26/08/2020;5321;
5102;26/08/2020;5321;
5102;26/08/2020;5321;
5102;26/08/2020;5321;
5102;26/08/2020;5321;
5100;14/02/2019;1200;
5102;29/04/2020;1407.78;028426
5101;13/02/2019;512.78;027643
5101;13/02/2019;512.78;027643
5102;18/02/2019;3678.26;027362
5102;18/02/2019;3678.26;027362
5102;18/02/2019;3678.26;027362
5101;03/05/2012;521.76;
5120;20/03/2019;9000;028488
5105;26/03/2019;5375.62;028115
5105;26/03/2019;5375.62;028115
5105;26/03/2019;5375.62;028115
5101;08/09/2017;17998.59;
5102;26/08/2021;2950;
5149;13/07/2015;0;
5101;11/06/2012;5184.55;
5149;12/06/2012;0;
5149;12/06/2012;0;
5149;12/06/2012;0;
5149;31/07/2012;0;
5149;27/09/2012;0;
5149;11/12/2012;0;
5149;26/02/2013;0;
5149;02/06/2014;0;
5149;16/06/2014;0;
5149;23/06/2014;0;
5149;11/07/2014;0;
5149;07/08/2014;0;
5149;26/09/2014;0;
5149;09/10/2014;0;
5149;16/10/2014;0;
5149;20/10/2014;0;
5149;17/03/2015;0;
5149;26/05/2015;0;
5149;03/08/2015;0;
5149;07/08/2015;0;
5149;10/08/2015;0;
5149;20/08/2015;0;
5149;15/10/2015;0;
5149;21/03/2016;0;
5106;28/04/2025;0;
5149;22/09/2011;0;
5149;10/01/2012;0;
5102;25/08/2022;322.94;
5149;10/04/2015;0;
5101;21/05/2014;57848.95;
5106;08/08/2024;0;
5106;08/08/2024;0;
5106;08/08/2024;0;
5106;08/08/2024;0;
5106;08/08/2024;0;
5106;08/08/2024;0;
5106;07/05/2024;0;
5106;14/08/2024;0;
5106;14/08/2024;0;
5106;14/08/2024;0;
5106;14/08/2024;0;
5102;22/04/2019;2245.29;
5106;20/08/2024;0;
5106;20/08/2024;0;
5106;22/08/2024;0;
5106;22/08/2024;0;
5101;17/05/2013;693.98;
5106;27/08/2024;0;
5106;27/08/2024;0;
5106;27/08/2024;0;
5106;27/08/2024;0;
5101;05/08/2024;3446.52;043502
5101;07/08/2024;852.36;044080
5101;07/08/2024;852.36;044080
5101;07/08/2024;852.36;044080
5101;07/08/2024;852.36;044080
5101;07/08/2024;852.36;044080
5101;07/08/2024;852.36;044082
5101;07/08/2024;852.36;044082
5101;07/08/2024;852.36;044082
5101;07/08/2024;852.36;044082
5101;07/08/2024;852.36;044082
5101;07/08/2024;8143.79;044081
5101;07/08/2024;8143.79;044081
5101;07/08/2024;8143.79;044081
5101;07/08/2024;8143.79;044081
5101;07/08/2024;8143.79;044081
5101;08/08/2024;1066.13;031679
5101;11/08/2017;20413.06;
5101;26/08/2024;875.62;044270
5101;26/08/2024;875.62;044270
5101;27/08/2024;1405.51;044892
5101;29/08/2024;10902.58;044067
5101;29/08/2024;10902.58;044067
5101;29/08/2024;10902.58;044067
5101;09/09/2024;1845.1;045140
5120;20/01/2021;160;
5106;03/09/2024;0;
5106;03/09/2024;0;
5106;03/09/2024;0;
5106;03/09/2024;0;
5109;04/03/2020;116000;045019
5102;26/08/2020;5321;
5106;10/09/2024;0;
5106;10/09/2024;0;
5106;10/09/2024;0;
5106;10/09/2024;0;
5106;10/09/2024;0;
5106;10/09/2024;0;
5106;10/09/2024;0;
5102;29/04/2020;1407.78;
5106;23/09/2024;0;
5106;23/09/2024;0;
5102;26/08/2020;5321;045227
5183;27/10/2023;43928.56;
5102;06/09/2024;24742.42;043353
5101;09/09/2024;4064.23;044625
5101;19/09/2024;339.56;044649
5101;19/09/2024;339.56;044649
5101;25/09/2024;5520.83;044091
5101;30/09/2024;4064.23;045160
5106;31/07/2024;0;
5101;18/01/2021;3993;034120
5101;21/01/2021;44830.04;034091
5101;21/01/2021;44830.04;034091
5101;04/02/2021;5052.06;034090
5101;04/02/2021;5052.06;034090
5101;04/02/2021;30000;034218
5101;04/02/2021;44830.04;034204
5101;04/02/2021;44830.04;034204
5135;18/02/2021;63038.63;034323
5135;18/02/2021;63038.63;034323
5135;18/02/2021;63038.63;034323
5135;18/02/2021;63038.63;034323
5106;04/10/2024;0;
5106;04/10/2024;0;
5106;04/10/2024;0;
5106;04/10/2024;0;
5101;11/03/2015;734;
5109;04/03/2020;116000;
5102;26/08/2020;5321;
5130;21/10/2024;4361.31;
5106;22/10/2024;0;
5106;22/10/2024;0;
5106;22/10/2024;0;
5106;22/10/2024;0;
5106;22/10/2024;0;
5109;04/03/2020;116000;
5102;07/11/2019;933.3;
5102;26/08/2020;5321;045442
5106;31/10/2024;0;
5106;31/10/2024;0;
5106;22/11/2024;0;
5101;21/10/2024;2270.32;045450
5101;08/09/2017;17998.59;
5106;13/11/2024;0;
5106;13/11/2024;0;
5102;29/04/2020;1407.78;
5106;22/11/2024;0;
5106;26/11/2024;0;
5106;26/11/2024;0;
5101;08/09/2017;17998.59;
5101;26/11/2024;2985.87;045727
5101;12/11/2024;67288.46;041834
5106;02/12/2024;0;
5106;02/12/2024;0;
5106;02/12/2024;0;
5106;02/12/2024;0;
5102;29/04/2020;1407.78;
5106;04/12/2024;0;
5106;10/12/2024;0;
5106;10/12/2024;0;
5101;17/05/2013;693.98;
5101;05/12/2024;2614.16;044123
5100;21/07/2011;210;
5102;27/07/2022;45.94;
5106;14/01/2025;0;
5106;14/01/2025;0;
5106;16/01/2025;0;
5106;16/01/2025;0;
5106;16/01/2025;0;
5106;21/01/2025;0;
5106;21/01/2025;0;
5106;27/01/2025;0;
5106;27/01/2025;0;
5101;11/03/2015;734;
5106;29/01/2025;0;
5106;29/01/2025;0;
5106;29/01/2025;0;
5106;29/01/2025;0;
5101;21/11/2011;6363.04;
5106;31/01/2025;0;
5106;31/01/2025;0;
5101;09/01/2025;33932.24;045506
5101;09/01/2025;33932.24;045506
5101;14/01/2025;817.47;044269
5101;14/01/2025;817.47;044269
5101;14/01/2025;817.47;044269
5101;22/08/2014;3300;046098
5101;22/08/2014;3300;046098
5101;22/08/2014;3300;046098
5101;22/08/2014;3300;046098
5101;22/08/2014;3300;046098
5101;22/08/2014;3300;046098
5101;22/08/2014;3300;046098
5101;22/08/2014;3300;046098
5101;22/08/2014;3300;046098
5101;22/08/2014;3300;046098
5101;22/08/2014;3300;046098
5101;22/08/2014;3300;046098
5101;22/08/2014;3300;046098
5101;22/08/2014;3300;046098
5101;22/08/2014;3300;046098
5101;22/08/2014;3300;046098
5101;22/08/2014;3300;046098
5101;22/08/2014;3300;046098
5101;22/08/2014;3300;046098
5101;22/08/2014;3300;046098
5101;22/08/2014;3300;046098
5101;22/08/2014;3300;046098
5101;22/08/2014;3300;046098
5101;22/08/2014;3300;046098
5101;22/08/2014;3300;046098
5101;22/08/2014;3300;046098
5101;22/08/2014;3300;046098
5101;22/08/2014;3300;046098
5101;22/08/2014;3300;046098
5101;22/08/2014;3300;046098
5101;22/08/2014;3300;
5106;10/02/2025;0;
5101;02/12/2011;161.71;
5116;17/10/2023;1153;
5106;20/02/2025;0;
5106;20/02/2025;0;
5106;21/02/2025;0;
5106;21/02/2025;0;
5106;21/02/2025;0;
5106;21/02/2025;0;
5101;04/02/2025;5824.05;046165
5100;26/08/2019;1191.9;
5100;26/08/2019;1191.9;
5101;27/02/2025;5971.74;046405
5101;28/02/2025;51500;045488
5101;31/03/2014;790;
5106;06/03/2025;0;
5106;06/03/2025;0;
5101;02/12/2011;161.71;
5106;10/03/2025;0;
5106;10/03/2025;0;
5106;15/03/2025;0;
5106;17/03/2025;0;
5100;17/03/2025;2500;
5106;17/03/2025;0;
5100;21/07/2011;210;
5100;21/07/2011;210;
5100;21/07/2011;210;
5100;21/07/2011;210;
5102;26/08/2020;5321;
5101;02/12/2011;161.71;
5101;08/09/2017;17998.59;
5106;31/03/2025;0;
5106;31/03/2025;0;
5106;31/03/2025;0;
5101;05/03/2025;48620;045750
5102;07/11/2019;933.3;
5106;07/04/2025;0;
5106;07/04/2025;0;
5106;09/04/2025;0;
5106;09/04/2025;0;
5101;08/04/2015;18631.82;
5106;22/04/2025;0;
5106;22/04/2025;0;
5106;22/04/2025;0;
5106;22/04/2025;0;
5106;28/04/2025;0;
5106;28/04/2025;0;
5106;29/04/2025;0;
5106;29/04/2025;0;
5102;02/04/2025;215930.4;046160
5101;04/04/2025;3056.99;046027
5101;04/04/2025;3056.99;046027
5101;04/04/2025;3056.99;046027
5101;04/04/2025;3056.99;046027
5101;14/04/2025;14306.07;046637
5101;14/04/2025;14306.07;046637
5101;14/04/2025;14306.07;046637
5101;14/04/2025;14306.07;046637
5101;14/04/2025;14306.07;046637
5101;14/04/2025;35912.29;046636
5101;14/04/2025;35912.29;046636
5101;14/04/2025;35912.29;046636
5101;14/04/2025;35912.29;046636
5101;14/04/2025;35912.29;046636
5101;14/04/2025;35912.29;046636
5101;14/04/2025;35912.29;046636
5101;14/04/2025;35912.29;046636
5101;14/04/2025;1255.79;046786
5101;23/04/2025;12200;046247
5102;25/04/2025;17497.04;045936
5101;22/08/2014;3300;
5128;16/05/2025;5251.25;
5128;16/05/2025;5251.25;
5106;19/05/2025;0;
5106;19/05/2025;0;
5106;19/05/2025;0;
5106;19/05/2025;0;
5106;19/05/2025;0;
5106;19/05/2025;0;
5106;19/05/2025;0;
5106;20/05/2025;0;
5106;20/05/2025;0;
5106;30/05/2025;0;
5106;30/05/2025;0;
5101;12/05/2025;27903.51;046985
5101;12/05/2025;27903.51;046985
5101;12/05/2025;27903.51;046985
5101;12/05/2025;27903.51;046985
5101;12/05/2025;27903.51;046985
5101;12/05/2025;27903.51;046985
5101;12/05/2025;27903.51;046985
5101;12/05/2025;27903.51;046985
5101;12/05/2025;27903.51;046985
5101;12/05/2025;27903.51;046985
5101;12/05/2025;27903.51;046985
5101;12/05/2025;27903.51;046985
5101;12/05/2025;27903.51;046985
5101;12/05/2025;27903.51;046985
5101;12/05/2025;27903.51;046985
5101;12/05/2025;27903.51;046985
5101;12/05/2025;27903.51;046985
5101;12/05/2025;27903.51;046985
5101;12/05/2025;27903.51;046985
5101;12/05/2025;27903.51;046985
5105;28/05/2025;20800;047188
5101;26/05/2025;4677.42;046720
5101;27/05/2025;4677.42;046721
5101;30/05/2025;193.38;046976
5101;11/03/2015;734;
5101;02/12/2011;161.71;
5120;20/01/2021;160;
5120;20/01/2021;160;
5106;05/06/2025;0;
5106;05/06/2025;0;
5106;16/06/2025;0;
5106;16/06/2025;0;
5106;18/06/2025;0;
5106;18/06/2025;0;
5106;25/06/2025;0;
5106;25/06/2025;0;
5101;10/06/2025;1213.53;047298
5101;10/06/2025;1213.53;047298
5106;03/07/2025;0;
5106;03/07/2025;0;
5101;19/08/2011;1480;
5106;29/07/2025;0;
5106;29/07/2025;0;
5106;29/07/2025;0;
5106;29/07/2025;0;
5106;30/07/2025;0;
5106;30/07/2025;0;
5101;04/07/2025;24515.19;047286
5101;21/05/2014;57848.95;
5102;11/07/2025;2910.15;047228
5101;11/08/2017;20413.06;
5106;05/08/2025;0;
5102;29/04/2020;1407.78;
5100;07/08/2025;2650;
5120;30/04/2019;4208.31;
5106;12/08/2025;0;
5106;12/08/2025;0;
5106;14/08/2025;0;
5106;14/08/2025;0;
5106;19/08/2025;0;
5106;19/08/2025;0;
5102;29/04/2020;1407.78;
5106;27/08/2025;0;
5106;27/08/2025;0;
5106;27/08/2025;0;
5106;27/08/2025;0;
5109;04/03/2020;116000;
5101;11/03/2015;734;
5109;04/03/2020;116000;
5101;18/08/2025;1941.73;048001
5101;18/08/2025;1941.73;048001
5120;21/08/2020;1000;
5101;20/08/2025;1221.93;047619
5106;25/09/2025;0;
5101;07/04/2017;2860;
5121;29/06/2020;0;
5106;11/09/2025;0;
5106;11/09/2025;0;
5106;18/09/2025;0;
5106;18/09/2025;0;
5106;18/09/2025;0;
5106;18/09/2025;0;
5106;22/09/2025;0;
5106;22/09/2025;0;
5106;25/09/2025;0;
5106;25/09/2025;0;
5106;28/04/2025;0;
5101;10/09/2025;2909.6;047602
5101;11/09/2025;2459.77;048161
5101;11/09/2025;2459.77;048161
5101;11/09/2025;2459.77;048161
5101;11/09/2025;2459.77;048161
5101;11/09/2025;2459.77;048161
5101;15/09/2025;5690.21;048096
5101;23/09/2025;1531.14;048292
5106;01/10/2025;0;
5106;01/10/2025;0;
5102;26/08/2020;5321;
5101;21/11/2011;6363.04;
5101;11/03/2015;734;
5101;11/03/2015;734;
5101;11/03/2015;734;
5101;11/03/2015;734;
5101;11/03/2015;734;
5101;11/03/2015;734;
5127;21/10/2025;13405.04;
5127;21/10/2025;13405.04;
5127;21/10/2025;13405.04;
5127;21/10/2025;13405.04;
5127;21/10/2025;13405.04;
5127;21/10/2025;13405.04;
5127;21/10/2025;13405.04;
5127;21/10/2025;13405.04;
5101;11/03/2015;734;
5106;22/10/2025;0;
5106;22/10/2025;0;
5106;22/10/2025;0;
5106;22/10/2025;0;
5106;22/10/2025;0;
5106;22/10/2025;0;
5106;22/10/2025;0;
5106;22/10/2025;0;
5102;29/04/2020;1407.78;
5106;23/10/2025;0;
5101;08/09/2017;17998.59;
5106;28/10/2025;0;
5106;28/10/2025;0;
5102;01/10/2025;2417.57;048234
5101;02/10/2025;2218.71;048250
5101;10/10/2025;158435.37;048470
5101;10/10/2025;158435.37;048470
5101;10/10/2025;158435.37;048470
5101;10/10/2025;158435.37;048470
5101;10/10/2025;158435.37;048470
5101;10/10/2025;158435.37;048470
5102;20/01/2022;1729.47;
5102;26/06/2020;1510.61;
5102;26/06/2020;1510.61;
5101;11/03/2015;734;048555
5101;11/03/2015;734;
5101;14/06/2017;963.12;000104
5101;14/06/2017;963.12;000104
5101;14/06/2017;963.12;000104
5101;14/06/2017;963.12;000104
5101;14/06/2017;963.12;000104
5101;14/06/2017;963.12;000104
5101;14/06/2017;963.12;000104
5101;14/06/2017;963.12;000104
5101;14/06/2017;963.12;000104
5101;14/06/2017;963.12;000104
5101;14/06/2017;963.12;000104
5101;14/06/2017;963.12;000104
5101;14/06/2017;963.12;000104
5101;14/06/2017;963.12;000104
5101;14/06/2017;963.12;
5101;14/06/2017;963.12;000104
5101;14/06/2017;963.12;000104
5101;14/06/2017;963.12;
5101;14/06/2017;963.12;
5101;14/06/2017;963.12;
5101;14/06/2017;963.12;
5101;14/06/2017;963.12;
5101;10/12/2012;529.67;007562
5101;08/09/2017;17998.59;
5101;08/09/2017;17998.59;
5101;08/09/2017;17998.59;
5101;08/09/2017;17998.59;
5101;21/05/2014;57848.95;
5100;21/07/2011;210;
5101;17/05/2013;693.98;008321
5101;17/05/2013;693.98;
5101;14/03/2012;2100;003456
5101;30/05/2014;1990;012495
5101;31/03/2014;790;012197
5101;31/03/2014;790;
5101;31/03/2014;790;008332
5102;29/04/2020;1407.78;
5102;12/04/2019;14148;025869
5102;25/04/2019;1228.5;028799
5102;31/01/2019;2352.15;
5102;31/01/2019;2352.15;
5102;31/01/2019;2352.15;
5101;01/06/2017;3654;
5101;04/07/2012;1850.01;008737
5101;04/07/2012;1850.01;005864
5102;22/04/2019;2245.29;
5101;11/03/2015;734;
5102;26/08/2020;5321;
5120;09/05/2019;350;028926
5120;09/05/2019;350;028926
5101;09/02/2012;42621.2;
5100;14/10/2014;4500;
5100;14/10/2014;4500;
5100;14/10/2014;4500;
5100;14/10/2014;4500;
5100;14/10/2014;4500;
5100;14/10/2014;4500;
5100;14/10/2014;4500;
5100;14/10/2014;4500;
5101;31/05/2019;8565.48;029131
5101;17/05/2013;693.98;
5115;10/06/2019;392.55;029179
5115;10/06/2019;392.55;029179
5115;10/06/2019;392.55;029179
5115;10/06/2019;392.55;029179
5197;13/06/2019;645;029141
5102;26/08/2020;5321;
5102;03/01/2023;32400.87;
5102;03/01/2023;32400.87;
5102;03/01/2023;32400.87;
5102;26/08/2020;5321;
5101;27/11/2018;38297.24;027015
5101;27/11/2018;38297.24;027015
5101;27/11/2018;38297.24;027015
5101;27/11/2018;38297.24;027015
5101;27/11/2018;38297.24;027015
5101;22/08/2014;3300;
5101;11/03/2015;734;
5101;08/09/2017;17998.59;
5102;06/12/2019;391.43;
5101;11/03/2015;734;
5101;11/03/2015;734;
5101;11/03/2015;734;
5101;11/03/2015;734;
5101;11/03/2015;734;
5101;11/03/2015;734;
5101;11/03/2015;734;
5101;11/03/2015;734;
5101;11/03/2015;734;
5100;08/08/2019;2383.8;
5100;08/08/2019;2383.8;
5101;12/05/2017;1403.15;
5120;03/02/2020;800;
5101;11/06/2012;5184.55;
5101;02/09/2019;3705.22;030145
5100;31/10/2022;5300;
5100;21/07/2011;210;
5101;08/09/2017;17998.59;
5101;08/09/2017;17998.59;
5101;08/09/2017;17998.59;
5101;08/09/2017;17998.59;
5101;08/09/2017;17998.59;
5101;10/12/2012;529.67;
5101;09/02/2012;42621.2;
5101;09/10/2019;2784;030324
5101;24/10/2019;38000;030569
5100;21/07/2011;210;
5101;03/05/2012;521.76;
5101;03/05/2012;521.76;
5197;04/11/2019;2400;027651
5197;04/11/2019;2400;028194
5197;04/11/2019;2400;029401
5101;21/11/2011;6363.04;
5102;07/11/2019;933.3;028707
5102;22/04/2019;2245.29;
5101;18/12/2019;299.29;028667
5101;23/01/2019;8220.4;027986
5101;23/01/2019;8220.4;027986
5101;23/01/2019;8220.4;027986
5101;24/01/2019;2553.05;027753
5101;25/01/2019;1599.37;027724
5101;25/01/2019;1599.37;027724
5101;25/01/2019;1599.37;027724
5102;31/01/2019;2352.15;027650
5135;03/01/2019;47553.98;027880
5135;10/01/2019;2782.42;027870
5101;19/12/2019;31844.16;030885
5101;19/12/2019;31844.16;030885
5102;06/12/2019;391.43;030728
5101;11/03/2015;734;
5102;27/07/2022;45.94;
5100;06/05/2016;7500;019362
5101;22/08/2014;3300;013648
5100;05/01/2021;1200;
5100;05/01/2021;1200;
5100;05/01/2021;1200;
5100;05/01/2021;1200;
5100;05/01/2021;1200;
5100;05/01/2021;1200;
5100;05/01/2021;1200;
5100;05/01/2021;1200;
5100;05/01/2021;1200;
5100;05/01/2021;1200;
5100;05/01/2021;1200;
5100;26/08/2019;1191.9;
5102;14/08/2023;173;
5101;19/08/2011;1480;
5101;19/08/2011;1480;002303
5101;19/08/2011;1480;
5101;31/08/2011;2191.83;
5109;04/03/2020;116000;
5120;19/12/2019;1080.28;
5102;29/04/2020;1407.78;
5102;29/04/2020;1407.78;
5102;29/04/2020;1407.78;
5102;29/04/2020;1407.78;
5102;29/04/2020;1407.78;
5102;29/04/2020;1407.78;
5102;29/04/2020;1407.78;
5102;29/04/2020;1407.78;
5101;27/09/2011;7500;
5101;27/09/2011;7500;
5101;27/09/2011;7500;
5101;27/09/2011;7500;
5101;27/09/2011;7500;
5101;27/09/2011;7500;
5101;27/09/2011;7500;
5101;27/09/2011;7500;
5101;27/09/2011;7500;
5101;27/09/2011;7500;
5101;27/09/2011;7500;
5101;27/09/2011;7500;
5101;27/09/2011;7500;
5101;27/09/2011;7500;
5101;27/09/2011;7500;
5101;27/09/2011;7500;
5101;27/09/2011;7500;
5101;27/09/2011;7500;
5101;27/09/2011;7500;
5101;27/09/2011;7500;
5101;27/09/2011;7500;
5101;27/09/2011;7500;
5101;27/09/2011;7500;
5101;27/09/2011;7500;
5101;27/09/2011;7500;
5101;27/09/2011;7500;
5101;27/09/2011;7500;
5101;27/09/2011;7500;
5101;27/09/2011;7500;
5101;27/09/2011;7500;
5101;27/09/2011;7500;
5101;27/09/2011;7500;
5101;27/09/2011;7500;
5101;27/09/2011;7500;
5101;27/09/2011;7500;
5101;27/09/2011;7500;
5101;27/09/2011;7500;
5101;27/09/2011;7500;
5101;27/09/2011;7500;
5101;27/09/2011;7500;
5101;27/09/2011;7500;
5101;27/09/2011;7500;
5101;27/09/2011;7500;
5101;27/09/2011;7500;
5101;27/09/2011;7500;
5101;27/09/2011;7500;
5101;27/09/2011;7500;
5101;27/09/2011;7500;
5101;27/09/2011;7500;
5101;27/09/2011;7500;
5101;27/09/2011;7500;
5101;27/09/2011;7500;
5101;27/09/2011;7500;
5101;27/09/2011;7500;
5101;27/09/2011;7500;
5101;27/09/2011;7500;
5101;27/09/2011;7500;
5101;27/09/2011;7500;
5101;27/09/2011;7500;
5101;21/11/2011;6363.04;
5116;23/01/2024;94;
5101;21/11/2011;6363.04;
5102;27/07/2022;45.94;
5102;27/07/2022;45.94;
5101;02/12/2011;161.71;
5101;02/12/2011;161.71;
5101;02/12/2011;161.71;
5102;07/02/2019;1882.08;
5102;07/02/2019;1882.08;
5101;11/08/2017;20413.06;
5101;11/08/2017;20413.06;
5101;11/08/2017;20413.06;
5101;11/08/2017;20413.06;
5101;11/08/2017;20413.06;
5101;11/08/2017;20413.06;
5101;11/08/2017;20413.06;
5102;26/08/2020;5321;
5102;18/11/2025;3801.06;
5101;09/02/2012;42621.2;004524
5101;05/07/2016;826.22;019316
5101;11/06/2012;5184.55;
5101;11/06/2012;5184.55;
5101;26/02/2020;897.1;031118
5109;04/03/2020;116000;
5101;03/05/2012;521.76;
5102;29/04/2020;1407.78;
5109;04/03/2020;116000;031585
5109;04/03/2020;116000;031585
5109;04/03/2020;116000;031585
5197;11/03/2020;166.46;
5101;17/05/2013;693.98;
5101;19/08/2011;1480;
5102;01/10/2025;2417.57;
5120;19/12/2019;1080.28;
5102;25/03/2020;1354.46;031581
5102;25/03/2020;3753.97;031684
5106;01/12/2025;0;
5106;01/12/2025;0;
5102;26/08/2021;2950;
5106;05/12/2025;0;
5102;29/04/2020;1407.78;049060
5102;29/04/2020;1407.78;
5102;29/04/2020;1407.78;049060
5102;29/04/2020;1407.78;049060
5102;29/04/2020;1407.78;049060
5102;29/04/2020;1407.78;049060
5102;29/04/2020;1407.78;049060
5102;26/08/2020;5321;
5106;09/12/2025;0;
5106;09/12/2025;0;
5106;11/12/2025;0;
5106;15/12/2025;0;
5106;15/12/2025;0;
5102;26/08/2020;5321;
5106;16/12/2025;0;
5106;04/11/2025;0;
5101;04/11/2025;2397.89;048095
5106;04/11/2025;0;
5102;05/11/2025;484261.49;048756
5102;26/08/2020;5321;
5101;07/11/2025;142314.92;048207
5101;07/11/2025;142314.92;048207
5101;07/11/2025;142314.92;048207
5101;07/11/2025;142314.92;048207
5101;07/11/2025;142314.92;048207
5101;07/11/2025;142314.92;048207
5101;07/11/2025;56836.27;048208
5101;07/11/2025;56836.27;048208
5101;07/11/2025;56836.27;048208
5101;07/11/2025;56836.27;048208
5101;07/11/2025;56836.27;048208
5101;07/11/2025;56836.27;048208
5101;07/11/2025;56836.27;048208
5106;07/11/2025;0;
5106;07/11/2025;0;
5106;07/11/2025;0;
5106;07/11/2025;0;
5106;11/11/2025;0;
5106;11/11/2025;0;
5106;11/11/2025;0;
5106;11/11/2025;0;
5101;12/11/2025;7321.53;048678
5102;26/06/2020;1510.61;
5101;14/06/2017;963.12;
5102;18/11/2025;3801.06;047916
5106;19/11/2025;0;
5106;19/11/2025;0;
5106;19/11/2025;0;
5106;19/11/2025;0;
5106;19/11/2025;0;
5106;19/11/2025;0;
5101;11/03/2015;734;
5100;25/11/2025;2650;
5100;25/11/2025;2650;
5106;25/11/2025;0;
5106;28/11/2025;0;
5106;28/11/2025;0;
5128;28/11/2025;2984.02;
